A1,about
A1,above
A1,across
A1,action
A1,activity
A1,actor
A1,actress
A1,add
A1,address
A1,adult
A1,advice
A1,afraid
A1,after
A1,afternoon
A1,again
A1,age
A1,ago
A1,agree
A1,air
A1,airport
A1,all
A1,also
A1,always
A1,amazing
A1,and
A1,angry
A1,animal
A1,another
A1,answer
A1,any
A1,anyone
A1,anything
A1,apartment
A1,apple
A1,April
A1,area
A1,arm
A1,around
A1,arrive
A1,art
A1,article
A1,artist
A1,as
A1,ask
A1,at
A1,August
A1,aunt
A1,autumn
A1,away
A1,baby
A1,back
A1,bad
A1,bag
A1,ball
A1,banana
A1,band
A1,bank
A1,bath
A1,bathroom
A1,be
A1,beach
A1,beautiful
A1,because
A1,become
A1,bed
A1,bedroom
A1,beer
A1,before
A1,begin
A1,beginning
A1,behind
A1,believe
A1,below
A1,best
A1,better
A1,between
A1,bicycle
A1,big
A1,bike
A1,bill
A1,bird
A1,birthday
A1,black
A1,blog
A1,blonde
A1,blue
A1,boat
A1,body
A1,book
A1,boot
A1,bored
A1,boring
A1,born
A1,both
A1,bottle
A1,box
A1,boy
A1,boyfriend
A1,bread
A1,break
A1,breakfast
A1,bring
A1,brother
A1,brown
A1,build
A1,building
A1,bus
A1,business
A1,busy
A1,but
A1,butter
A1,buy
A1,by
A1,bye
A1,cafe
A1,cake
A1,call
A1,camera
A1,can1
A1,cannot
A1,capital
A1,car
A1,card
A1,career
A1,carrot
A1,carry
A1,cat
A1,CD
A1,cent
A1,centre
A1,century
A1,chair
A1,change
A1,chart
A1,cheap
A1,check
A1,cheese
A1,chicken
A1,child
A1,chocolate
A1,choose
A1,cinema
A1,city
A1,class
A1,classroom
A1,clean
A1,climb
A1,clock
A1,close1
A1,clothes
A1,club
A1,coat
A1,coffee
A1,cold
A1,college
A1,colour
A1,come
A1,common
A1,company
A1,compare
A1,complete
A1,computer
A1,concert
A1,conversation
A1,cook
A1,cooking
A1,cool
A1,correct
A1,cost
A1,could
A1,country
A1,course
A1,cousin
A1,cow
A1,cream
A1,create
A1,culture
A1,cup
A1,customer
A1,cut
A1,dad
A1,dance
A1,dancer
A1,dancing
A1,dangerous
A1,dark
A1,date
A1,daughter
A1,day
A1,dear
A1,December
A1,decide
A1,delicious
A1,describe
A1,description
A1,design
A1,desk
A1,detail
A1,dialogue
A1,dictionary
A1,die
A1,diet
A1,difference
A1,different
A1,difficult
A1,dinner
A1,dirty
A1,discuss
A1,dish
A1,do1
A1,doctor
A1,dog
A1,dollar
A1,door
A1,down
A1,downstairs
A1,draw
A1,dress
A1,drink
A1,drive
A1,driver
A1,during
A1,DVD
A1,each
A1,ear
A1,early
A1,east
A1,easy
A1,eat
A1,egg
A1,eight
A1,eighteen
A1,eighty
A1,elephant
A1,eleven
A1,else
A1,email
A1,end
A1,enjoy
A1,enough
A1,euro
A1,even
A1,evening
A1,event
A1,ever
A1,every
A1,everybody
A1,everyone
A1,everything
A1,exam
A1,example
A1,excited
A1,exciting
A1,exercise
A1,expensive
A1,explain
A1,extra
A1,eye
A1,face
A1,fact
A1,fall
A1,FALSE
A1,family
A1,famous
A1,fantastic
A1,far
A1,farm
A1,farmer
A1,fast
A1,fat
A1,father
A1,favourite
A1,February
A1,feel
A1,feeling
A1,festival
A1,few
A1,fifteen
A1,fifth
A1,fifty
A1,fill
A1,film
A1,final
A1,find
A1,fine
A1,finish
A1,fire
A1,first
A1,fish
A1,five
A1,flat
A1,flight
A1,floor
A1,flower
A1,fly
A1,follow
A1,food
A1,foot
A1,football
A1,for
A1,forget
A1,form
A1,forty
A1,four
A1,fourteen
A1,fourth
A1,free
A1,Friday
A1,friend
A1,friendly
A1,from
A1,front
A1,fruit
A1,full
A1,fun
A1,funny
A1,future
A1,game
A1,garden
A1,geography
A1,get
A1,girl
A1,girlfriend
A1,give
A1,glass
A1,go
A1,good
A1,goodbye
A1,grandfather
A1,grandmother
A1,grandparent
A1,great
A1,green
A1,grey
A1,group
A1,grow
A1,guess
A1,guitar
A1,gym
A1,hair
A1,half
A1,hand
A1,happen
A1,happy
A1,hard
A1,hat
A1,hate
A1,have
A1,he
A1,head
A1,health
A1,healthy
A1,hear
A1,hello
A1,help
A1,her
A1,here
A1,hey
A1,hi
A1,high
A1,him
A1,his
A1,history
A1,hobby
A1,holiday
A1,home
A1,homework
A1,hope
A1,horse
A1,hospital
A1,hot
A1,hotel
A1,hour
A1,house
A1,how
A1,however
A1,hundred
A1,hungry
A1,husband
A1,I
A1,ice
A1,idea
A1,if
A1,imagine
A1,important
A1,improve
A1,in
A1,include
A1,information
A1,interest
A1,interested
A1,interesting
A1,internet
A1,interview
A1,into
A1,introduce
A1,island
A1,it
A1,its
A1,jacket
A1,January
A1,jeans
A1,job
A1,join
A1,journey
A1,juice
A1,July
A1,June
A1,just
A1,keep
A1,key
A1,kilometre
A1,kind
A1,kitchen
A1,know
A1,land
A1,language
A1,large
A1,last1
A1,late
A1,later
A1,laugh
A1,learn
A1,leave
A1,left
A1,leg
A1,lesson
A1,let
A1,letter
A1,library
A1,lie1
A1,life
A1,adj.
A1,like
A1,line
A1,lion
A1,list
A1,listen
A1,little
A1,live1
A1,local
A1,long1
A1,look
A1,lose
A1,lot
A1,love
A1,lunch
A1,machine
A1,magazine
A1,main
A1,make
A1,man
A1,many
A1,map
A1,March
A1,market
A1,married
A1,v.
A1,May
A1,maybe
A1,me
A1,meal
A1,mean
A1,meaning
A1,meat
A1,meet
A1,meeting
A1,member
A1,menu
A1,message
A1,metre
A1,midnight
A1,mile
A1,milk
A1,million
A1,minute1
A1,miss
A1,mistake
A1,model
A1,modern
A1,moment
A1,Monday
A1,money
A1,month
A1,more
A1,morning
A1,most
A1,mother
A1,mountain
A1,mouse
A1,mouth
A1,move
A1,movie
A1,much
A1,mum
A1,museum
A1,music
A1,must
A1,my
A1,name
A1,natural
A1,near
A1,need
A1,negative
A1,neighbour
A1,never
A1,new
A1,news
A1,newspaper
A1,next
A1,nice
A1,night
A1,nine
A1,nineteen
A1,ninety
A1,no
A1,nobody
A1,north
A1,nose
A1,not
A1,note
A1,nothing
A1,November
A1,now
A1,number
A1,nurse
A1,object
A1,o’clock
A1,October
A1,of
A1,off
A1,office
A1,often
A1,oh
A1,OK
A1,old
A1,on
A1,once
A1,one
A1,onion
A1,online
A1,only
A1,open
A1,opinion
A1,opposite
A1,or
A1,orange
A1,order
A1,other
A1,our
A1,out
A1,outside
A1,over
A1,own
A1,page
A1,paint
A1,painting
A1,pair
A1,paper
A1,paragraph
A1,parent
A1,park
A1,part
A1,partner
A1,party
A1,passport
A1,past
A1,pay
A1,pen
A1,pencil
A1,people
A1,pepper
A1,perfect
A1,period
A1,person
A1,personal
A1,phone
A1,photo
A1,photograph
A1,phrase
A1,piano
A1,picture
A1,piece
A1,pig
A1,pink
A1,place
A1,plan
A1,plane
A1,plant
A1,play
A1,player
A1,please
A1,point
A1,police
A1,policeman
A1,pool
A1,poor
A1,popular
A1,positive
A1,possible
A1,post
A1,potato
A1,pound
A1,practice
A1,practise
A1,prefer
A1,prepare
A1,present
A1,pretty
A1,price
A1,probably
A1,problem
A1,product
A1,programme
A1,project
A1,purple
A1,put
A1,quarter
A1,question
A1,quick
A1,quickly
A1,quiet
A1,quite
A1,radio
A1,rain
A1,read
A1,reader
A1,reading
A1,ready
A1,real
A1,really
A1,reason
A1,red
A1,relax
A1,remember
A1,repeat
A1,report
A1,restaurant
A1,result
A1,return
A1,rice
A1,rich
A1,ride
A1,right
A1,river
A1,road
A1,room
A1,routine
A1,rule
A1,run
A1,sad
A1,salad
A1,salt
A1,same
A1,sandwich
A1,Saturday
A1,say
A1,school
A1,science
A1,scientist
A1,sea
A1,second1
A1,section
A1,see
A1,sell
A1,send
A1,sentence
A1,September
A1,seven
A1,seventeen
A1,seventy
A1,share
A1,she
A1,sheep
A1,shirt
A1,shoe
A1,shop
A1,shopping
A1,short
A1,should
A1,show
A1,shower
A1,sick
A1,similar
A1,sing
A1,singer
A1,sister
A1,sit
A1,situation
A1,six
A1,sixteen
A1,sixty
A1,skill
A1,skirt
A1,sleep
A1,slow
A1,small
A1,snake
A1,snow
A1,so
A1,some
A1,somebody
A1,someone
A1,something
A1,sometimes
A1,son
A1,song
A1,soon
A1,sorry
A1,sound
A1,soup
A1,south
A1,space
A1,speak
A1,special
A1,spell
A1,spelling
A1,spend
A1,sport
A1,spring
A1,stand
A1,star
A1,start
A1,statement
A1,station
A1,stay
A1,still
A1,stop
A1,story
A1,street
A1,strong
A1,student
A1,study
A1,style
A1,subject
A1,success
A1,sugar
A1,summer
A1,sun
A1,Sunday
A1,supermarket
A1,sure
A1,sweater
A1,swim
A1,swimming
A1,table
A1,take
A1,talk
A1,tall
A1,taxi
A1,tea
A1,teach
A1,teacher
A1,team
A1,teenager
A1,telephone
A1,television
A1,tell
A1,ten
A1,tennis
A1,terrible
A1,test
A1,text
A1,than
A1,thank
A1,thanks
A1,that
A1,the
A1,theatre
A1,their
A1,them
A1,then
A1,there
A1,they
A1,thing
A1,think
A1,third
A1,thirsty
A1,thirteen
A1,thirty
A1,this
A1,thousand
A1,three
A1,through
A1,Thursday
A1,ticket
A1,time
A1,tired
A1,title
A1,to
A1,today
A1,together
A1,toilet
A1,tomato
A1,tomorrow
A1,tonight
A1,too
A1,tooth
A1,topic
A1,tourist
A1,town
A1,traffic
A1,train
A1,travel
A1,tree
A1,trip
A1,trousers
A1,TRUE
A1,try
A1,T-shirt
A1,Tuesday
A1,turn
A1,TV
A1,twelve
A1,twenty
A1,twice
A1,two
A1,type
A1,umbrella
A1,uncle
A1,under
A1,understand
A1,university
A1,until
A1,up
A1,upstairs
A1,us
A1,use
A1,useful
A1,usually
A1,vacation
A1,vegetable
A1,very
A1,video
A1,village
A1,visit
A1,visitor
A1,wait
A1,waiter
A1,wake
A1,walk
A1,wall
A1,want
A1,warm
A1,wash
A1,watch
A1,water
A1,way
A1,we
A1,wear
A1,weather
A1,website
A1,Wednesday
A1,week
A1,weekend
A1,welcome
A1,well
A1,west
A1,what
A1,when
A1,where
A1,which
A1,white
A1,who
A1,why
A1,wife
A1,will
A1,win
A1,window
A1,wine
A1,winter
A1,with
A1,without
A1,woman
A1,wonderful
A1,word
A1,work
A1,worker
A1,world
A1,would
A1,write
A1,writer
A1,writing
A1,wrong
A1,yeah
A1,year
A1,yellow
A1,yes
A1,yesterday
A1,you
A1,young
A1,your
A1,yourself
A1,a
A1,i
A1,do
A1,n't
A1,can
A1,these
A1,those
A1,may
A1,last
A1,state
A1,while
A1,president
A1,seem
A1,might
A1,such
A1,against
A1,guy
A1,case
A1,live
A1,system
A1,government
A1,hold
A1,american
A1,program
A1,since
A1,issue
A1,percent
A1,law
A1,actually
A1,though
A1,provide
A1,power
A1,kid
A1,war
A1,long
A1,side
A1,okay
A1,yet
A1,service
A1,national
A1,least
A1,already
A1,kill
A1,minute
A1,set
A1,community
A1,social
A1,allow
A1,lead
A1,continue
A1,whether
A1,level
A1,able
A1,political
A1,almost
A1,center
A1,among
A1,public
A1,research
A1,several
A1,court
A1,including
A1,consider
A1,within
A1,second
A1,policy
A1,care
A1,low
A1,human
A1,process
A1,data
A1,offer
A1,death
A1,whole
A1,experience
A1,education
A1,expect
A1,himself
A1,sense
A1,appear
A1,mind
A1,effect
A1,season
A1,tax
A1,heart
A1,serve
A1,although
A1,force
A1,require
A1,according
A1,republican
A1,pass
A1,security
A1,control
A1,rate
A1,suggest
A1,nation
A1,support
A1,decision
A1,receive
A1,value
A1,base
A1,pick
A1,reach
A1,remain
A2,ability
A2,able
A2,abroad
A2,accept
A2,accident
A2,according
A2,achieve
A2,act
A2,active
A2,actually
A2,adult
A2,advantage
A2,adventure
A2,advertise
A2,advertisement
A2,advertising
A2,affect
A2,after
A2,against
A2,ah
A2,airline
A2,alive
A2,all
A2,allow
A2,almost
A2,alone
A2,along
A2,already
A2,alternative
A2,although
A2,among
A2,amount
A2,ancient
A2,ankle
A2,any
A2,anybody
A2,anyway
A2,anywhere
A2,app
A2,appear
A2,appearance
A2,apply
A2,architect
A2,architecture
A2,argue
A2,argument
A2,army
A2,arrange
A2,arrangement
A2,as
A2,asleep
A2,assistant
A2,athlete
A2,attack
A2,attend
A2,attention
A2,attractive
A2,audience
A2,author
A2,available
A2,average
A2,avoid
A2,award
A2,awful
A2,back
A2,background
A2,badly
A2,bar
A2,baseball
A2,based
A2,basketball
A2,bean
A2,bear
A2,beat
A2,beef
A2,before
A2,behave
A2,behaviour
A2,belong
A2,belt
A2,benefit
A2,best
A2,better
A2,between
A2,billion
A2,bin
A2,biology
A2,birth
A2,biscuit
A2,bit
A2,blank
A2,blood
A2,blow
A2,board
A2,boil
A2,bone
A2,book
A2,borrow
A2,boss
A2,bottom
A2,bowl
A2,brain
A2,bridge
A2,bright
A2,brilliant
A2,broken
A2,brush
A2,burn
A2,businessman
A2,button
A2,camp
A2,camping
A2,can2
A2,care
A2,careful
A2,carefully
A2,carpet
A2,cartoon
A2,case
A2,cash
A2,castle
A2,catch
A2,cause
A2,celebrate
A2,celebrity
A2,certain
A2,certainly
A2,chance
A2,character
A2,charity
A2,chat
A2,check
A2,chef
A2,chemistry
A2,chip
A2,choice
A2,church
A2,cigarette
A2,circle
A2,classical
A2,clear
A2,clearly
A2,clever
A2,climate
A2,close2
A2,closed
A2,clothing
A2,cloud
A2,coach
A2,coast
A2,code
A2,colleague
A2,collect
A2,column
A2,comedy
A2,comfortable
A2,comment
A2,communicate
A2,community
A2,compete
A2,competition
A2,complain
A2,completely
A2,condition
A2,conference
A2,connect
A2,connected
A2,consider
A2,contain
A2,context
A2,continent
A2,continue
A2,control
A2,cook
A2,cooker
A2,copy
A2,corner
A2,correctly
A2,count
A2,couple
A2,cover
A2,crazy
A2,creative
A2,credit
A2,crime
A2,criminal
A2,cross
A2,crowd
A2,crowded
A2,cry
A2,cupboard
A2,curly
A2,cycle
A2,daily
A2,danger
A2,dark
A2,data
A2,dead
A2,deal
A2,dear
A2,death
A2,decision
A2,deep
A2,definitely
A2,degree
A2,dentist
A2,department
A2,depend
A2,desert
A2,designer
A2,destroy
A2,detective
A2,develop
A2,device
A2,diary
A2,differently
A2,digital
A2,direct
A2,direction
A2,director
A2,disagree
A2,disappear
A2,disaster
A2,discover
A2,discovery
A2,discussion
A2,disease
A2,distance
A2,divorced
A2,document
A2,double
A2,download
A2,downstairs
A2,drama
A2,drawing
A2,dream
A2,drive
A2,driving
A2,drop
A2,drug
A2,dry
A2,earn
A2,earth
A2,easily
A2,education
A2,effect
A2,either
A2,electric
A2,electrical
A2,electricity
A2,electronic
A2,employ
A2,employee
A2,employer
A2,empty
A2,ending
A2,energy
A2,engine
A2,engineer
A2,enormous
A2,enter
A2,environment
A2,equipment
A2,error
A2,especially
A2,essay
A2,everyday
A2,everywhere
A2,evidence
A2,exact
A2,exactly
A2,excellent
A2,except
A2,exist
A2,expect
A2,experience
A2,experiment
A2,expert
A2,explanation
A2,express
A2,expression
A2,extreme
A2,extremely
A2,factor
A2,factory
A2,fail
A2,fair
A2,fall
A2,fan
A2,farm
A2,farming
A2,fashion
A2,fat
A2,fear
A2,feature
A2,feed
A2,female
A2,fiction
A2,field
A2,fight
A2,figure
A2,film
A2,final
A2,finally
A2,finger
A2,finish
A2,first
A2,firstly
A2,fish
A2,fishing
A2,fit
A2,fix
A2,flat
A2,flu
A2,fly
A2,flying
A2,focus
A2,following
A2,foreign
A2,forest
A2,fork
A2,formal
A2,fortunately
A2,forward
A2,free
A2,fresh
A2,fridge
A2,frog
A2,fun
A2,furniture
A2,further
A2,future
A2,gallery
A2,gap
A2,gas
A2,gate
A2,general
A2,gift
A2,goal
A2,god
A2,gold
A2,golf
A2,good
A2,government
A2,grass
A2,greet
A2,ground
A2,guest
A2,guide
A2,gun
A2,guy
A2,habit
A2,half
A2,hall
A2,happily
A2,have
A2,headache
A2,heart
A2,heat
A2,heavy
A2,height
A2,helpful
A2,hero
A2,hers
A2,herself
A2,hide
A2,high
A2,hill
A2,himself
A2,his
A2,hit
A2,hockey
A2,hold
A2,hole
A2,home
A2,hope
A2,huge
A2,human
A2,hurt
A2,ideal
A2,identify
A2,ill
A2,illness
A2,image
A2,immediately
A2,impossible
A2,included
A2,including
A2,increase
A2,incredible
A2,independent
A2,individual
A2,industry
A2,informal
A2,injury
A2,insect
A2,inside
A2,instead
A2,instruction
A2,instructor
A2,instrument
A2,intelligent
A2,international
A2,introduction
A2,invent
A2,invention
A2,invitation
A2,invite
A2,involve
A2,item
A2,itself
A2,jam
A2,jazz
A2,jewellery
A2,joke
A2,journalist
A2,jump
A2,kid
A2,kill
A2,king
A2,knee
A2,knife
A2,knock
A2,knowledge
A2,lab
A2,lady
A2,lake
A2,lamp
A2,land
A2,laptop
A2,last1
A2,later
A2,laughter
A2,law
A2,lawyer
A2,lazy
A2,lead1
A2,leader
A2,learning
A2,least
A2,lecture
A2,lemon
A2,lend
A2,less
A2,level
A2,lifestyle
A2,lift
A2,adj.
A2,light
A2,likely
A2,link
A2,listener
A2,little
A2,lock
A2,look
A2,lorry
A2,lost
A2,loud
A2,loudly
A2,lovely
A2,low
A2,luck
A2,lucky
A2,mail
A2,major
A2,male
A2,manage
A2,manager
A2,manner
A2,mark
A2,marry
A2,material
A2,mathematics
A2,maths
A2,matter
A2,may
A2,media
A2,medical
A2,medicine
A2,memory
A2,mention
A2,metal
A2,method
A2,middle
A2,might
A2,mind
A2,mine
A2,mirror
A2,missing
A2,mobile
A2,monkey
A2,moon
A2,mostly
A2,motorcycle
A2,movement
A2,musical
A2,musician
A2,myself
A2,narrow
A2,national
A2,nature
B1,absolutely
B1,academic
B1,access
B1,accommodation
B1,account
B1,achievement
B1,act
B1,ad
B1,addition
B1,admire
B1,admit
B1,advanced
B1,advise
B1,afford
B1,age
B1,aged
B1,agent
B1,agreement
B1,ahead
B1,aim
B1,alarm
B1,album
B1,alcohol
B1,alcoholic
B1,alternative
B1,amazed
B1,ambition
B1,ambitious
B1,analyse
B1,analysis
B1,announce
B1,announcement
B1,annoy
B1,annoyed
B1,annoying
B1,apart
B1,apologize
B1,application
B1,appointment
B1,appreciate
B1,approximately
B1,arrest
B1,arrival
B1,assignment
B1,assist
B1,atmosphere
B1,attach
B1,attitude
B1,attract
B1,attraction
B1,authority
B1,average
B1,award
B1,aware
B1,backwards
B1,bake
B1,balance
B1,ban
B1,bank
B1,base
B1,basic
B1,basis
B1,battery
B1,battle
B1,beauty
B1,bee
B1,belief
B1,bell
B1,bend
B1,benefit
B1,better
B1,bite
B1,block
B1,board
B1,bomb
B1,border
B1,bother
B1,branch
B1,brand
B1,brave
B1,breath
B1,breathe
B1,breathing
B1,bride
B1,bubble
B1,bury
B1,by
B1,calm
B1,campaign
B1,campus
B1,candidate
B1,cap
B1,captain
B1,careless
B1,category
B1,ceiling
B1,celebration
B1,central
B1,centre
B1,ceremony
B1,chain
B1,challenge
B1,champion
B1,channel
B1,chapter
B1,charge
B1,cheap
B1,cheat
B1,cheerful
B1,chemical
B1,chest
B1,childhood
B1,claim
B1,clause
B1,clear
B1,click
B1,client
B1,climb
B1,close2
B1,cloth
B1,clue
B1,coach
B1,coal
B1,coin
B1,collection
B1,coloured
B1,combine
B1,comment
B1,commercial
B1,commit
B1,communication
B1,comparison
B1,competitive
B1,competitor
B1,complaint
B1,complex
B1,concentrate
B1,conclude
B1,conclusion
B1,confident
B1,confirm
B1,confuse
B1,confused
B1,connection
B1,consequence
B1,consist
B1,consume
B1,consumer
B1,contact
B1,container
B1,content
B1,continuous
B1,contrast
B1,convenient
B1,convince
B1,cool
B1,costume
B1,cottage
B1,cotton
B1,count
B1,countryside
B1,court
B1,cover
B1,covered
B1,cream
B1,criminal
B1,cruel
B1,cultural
B1,currency
B1,current
B1,currently
B1,curtain
B1,custom
B1,cut
B1,daily
B1,damage
B1,deal
B1,decade
B1,decorate
B1,deep
B1,define
B1,definite
B1,definition
B1,deliver
B1,departure
B1,despite
B1,destination
B1,determine
B1,determined
B1,development
B1,diagram
B1,diamond
B1,difficulty
B1,direct
B1,directly
B1,dirt
B1,disadvantage
B1,disappointed
B1,disappointing
B1,discount
B1,dislike
B1,divide
B1,documentary
B1,donate
B1,adv.
B1,doubt
B1,dressed
B1,drop
B1,drum
B1,drunk
B1,due
B1,dust
B1,duty
B1,earthquake
B1,eastern
B1,economic
B1,economy
B1,edge
B1,editor
B1,educate
B1,educated
B1,educational
B1,effective
B1,effectively
B1,effort
B1,election
B1,element
B1,embarrassed
B1,embarrassing
B1,emergency
B1,emotion
B1,employment
B1,empty
B1,encourage
B1,enemy
B1,engaged
B1,engineering
B1,entertain
B1,entertainment
B1,entrance
B1,entry
B1,environmental
B1,episode
B1,equal
B1,equally
B1,escape
B1,essential
B1,eventually
B1,examine
B1,except
B1,exchange
B1,excitement
B1,exhibition
B1,expand
B1,expected
B1,expedition
B1,experience
B1,experienced
B1,experiment
B1,explode
B1,explore
B1,explosion
B1,export
B1,extra
B1,face
B1,fairly
B1,familiar
B1,fancy
B1,far
B1,fascinating
B1,fashionable
B1,fasten
B1,favour
B1,fear
B1,feature
B1,fence
B1,fighting
B1,file
B1,financial
B1,fire
B1,fitness
B1,fixed
B1,flag
B1,flood
B1,flour
B1,flow
B1,fold
B1,folk
B1,following
B1,force
B1,forever
B1,frame
B1,freeze
B1,frequently
B1,friendship
B1,frighten
B1,frightened
B1,frightening
B1,frozen
B1,fry
B1,fuel
B1,function
B1,fur
B1,further
B1,garage
B1,gather
B1,generally
B1,generation
B1,generous
B1,gentle
B1,gentleman
B1,ghost
B1,giant
B1,glad
B1,global
B1,glove
B1,go
B1,goods
B1,grade
B1,graduate
B1,grain
B1,grateful
B1,growth
B1,guard
B1,guilty
B1,hand
B1,hang
B1,happiness
B1,hardly
B1,hate
B1,head
B1,headline
B1,heating
B1,heavily
B1,helicopter
B1,highlight
B1,highly
B1,hire
B1,historic
B1,historical
B1,honest
B1,horrible
B1,horror
B1,host
B1,hunt
B1,hurricane
B1,hurry
B1,identity
B1,ignore
B1,illegal
B1,imaginary
B1,immediate
B1,immigrant
B1,impact
B1,import
B1,importance
B1,impression
B1,impressive
B1,improvement
B1,incredibly
B1,indeed
B1,indicate
B1,indirect
B1,indoor
B1,indoors
B1,influence
B1,ingredient
B1,injure
B1,injured
B1,innocent
B1,intelligence
B1,intend
B1,intention
B1,invest
B1,investigate
B1,involved
B1,iron
B1,issue
B1,IT
B1,journal
B1,judge
B1,keen
B1,key
B1,keyboard
B1,kick
B1,killing
B1,kind
B1,kiss
B1,knock
B1,label
B1,laboratory
B1,lack
B1,latest
B1,lay
B1,layer
B1,lead1
B1,leading
B1,leaf
B1,leather
B1,legal
B1,leisure
B1,length
B1,level
B1,lie2
B1,n.
B1,limit
B1,lip
B1,liquid
B1,literature
B1,live2
B1,living
B1,local
B1,locate
B1,located
B1,location
B1,lonely
B1,loss
B1,luxury
B1,mad
B1,magic
B1,mainly
B1,mall
B1,management
B1,market
B1,marketing
B1,marriage
B1,meanwhile
B1,measure
B1,medium
B1,mental
B1,mention
B1,mess
B1,mild
B1,mine
B1,mix
B1,mixture
B1,mood
B1,move
B1,mud
B1,murder
B1,muscle
B1,musical
B1,mystery
B1,nail
B1,narrative
B1,nation
B1,native
B1,naturally
B1,necessarily
B1,need
B1,needle
B1,neighbourhood
B1,neither
B1,net
B1,next
B1,nor
B1,normal
B1,northern
B1,note
B1,now
B1,nuclear
B1,obvious
B1,obviously
B1,occasion
B1,occur
B1,odd
B1,official
B1,old-fashioned
B1,once
B1,operation
B1,organized
B1,organizer
B1,original
B1,originally
B1,ought
B1,ours
B1,outdoor
B1,outdoors
B1,pack
B1,package
B1,painful
B1,pale
B1,pan
B1,participate
B1,particularly
B1,pass
B1,passion
B1,path
B1,payment
B1,peaceful
B1,percentage
B1,perfectly
B1,performance
B1,personally
B1,persuade
B1,photographer
B1,photography
B1,pin
B1,pipe
B1,place
B1,planning
B1,pleasant
B1,pleasure
B1,plenty
B1,plot
B1,plus1
B1,poem
B1,poet
B1,poetry
B1,point
B1,poison
B1,poisonous
B1,policy
B1,political
B1,politician
B1,politics
B1,port
B1,portrait
B1,possibly
B1,pot
B1,pour
B1,poverty
B1,powder
B1,powerful
B1,practical
B1,pray
B1,prayer
B1,prediction
B1,prepared
B1,presentation
B1,press
B1,pressure
B1,pretend
B1,previous
B1,previously
B1,priest
B1,primary
B1,prince
B1,princess
B1,printing
B1,prisoner
B1,private
B1,producer
B1,production
B1,profession
B1,profit
B1,program
B1,promote
B1,proper
B1,properly
B1,property
B1,protest
B1,proud
B1,prove
B1,pull
B1,punish
B1,punishment
B1,push
B1,qualification
B1,qualified
B1,qualify
B1,queue
B1,quit
B1,quotation
B1,quote
B1,race
B1,racing
B1,range
B1,rare
B1,rarely
B1,reaction
B1,reality
B1,receipt
B1,recommendation
B1,reference
B1,reflect
B1,regularly
B1,reject
B1,relate
B1,related
B1,relation
B1,relative
B1,relaxed
B1,relaxing
B1,release
B1,reliable
B1,religion
B1,religious
B1,remain
B1,remind
B1,remote
B1,rent
B1,repair
B1,repeat
B1,repeated
B1,represent
B1,request
B1,require
B1,reservation
B1,resource
B1,respect
B1,responsibility
B1,responsible
B1,result
B1,retire
B1,retired
B1,revise
B1,ring2
B1,rise
B1,risk
B1,robot
B1,roll
B1,romantic
B1,rope
B1,rough
B1,row1
B1,royal
B1,rugby
B1,rule
B1,safety
B1,sail
B1,sailor
B1,sample
B1,sand
B1,scan
B1,scientific
B1,script
B1,sculpture
B1,secondary
B1,security
B1,seed
B1,sensible
B1,separate
B1,seriously
B1,servant
B1,set
B1,setting
B1,sex
B1,sexual
B1,shake
B1,share
B1,sharp
B1,shelf
B1,shell
B1,shift
B1,shine
B1,shiny
B1,shoot
B1,shy
B1,sight
B1,signal
B1,silent
B1,silly
B1,similarity
B1,similarly
B1,simply
B1,since
B1,sink
B1,slice
B1,slightly
B1,slow
B1,smart
B1,smooth
B1,software
B1,soil
B1,solid
B1,sort
B1,southern
B1,specifically
B1,spending
B1,spicy
B1,spirit
B1,spoken
B1,spot
B1,spread
B1,spring
B1,stadium
B1,staff
B1,standard
B1,state
B1,statistic
B1,statue
B1,stick
B1,still
B1,store
B1,stranger
B1,strength
B1,string
B1,strongly
B1,studio
B1,stuff
B1,substance
B1,successfully
B1,sudden
B1,suffer
B1,suit
B1,suitable
B1,summarize
B1,summary
B1,supply
B1,supporter
B1,surely
B1,surface
B1,survive
B1,swim
B1,switch
B1,symptom
B1,tail
B1,talent
B1,talented
B1,tape
B1,tax
B1,technical
B1,technique
B1,tend
B1,tent
B1,that
B1,theirs
B1,theme
B1,theory
B1,therefore
B1,this
B1,though
B1,throat
B1,throughout
B1,tight
B1,till
B1,tin
B1,tiny
B1,tip
B1,toe
B1,tongue
B1,total
B1,totally
B1,touch
B1,tour
B1,trade
B1,translate
B1,translation
B1,transport
B1,treat
B1,treatment
B1,trend
B1,trick
B1,truth
B1,tube
B1,type
B1,typically
B1,tyre
B1,ugly
B1,unable
B1,uncomfortable
B1,underwear
B1,unemployed
B1,unemployment
B1,unfair
B1,union
B1,unless
B1,unlike
B1,unlikely
B1,unnecessary
B1,unpleasant
B1,update
B1,upon
B1,upset
B1,used1
B1,used2
B1,valuable
B1,value
B1,various
B1,version
B1,victim
B1,view
B1,viewer
B1,violent
B1,volunteer
B1,vote
B1,warm
B1,warn
B1,warning
B1,waste
B1,water
B1,wave
B1,weapon
B1,weigh
B1,western
B1,whatever
B1,whenever
B1,whether
B1,while
B1,whole
B1,will
B1,win
B1,wing
B1,within
B1,wonder
B1,wool
B1,worldwide
B1,worry
B1,worse
B1,worst
B1,worth
B1,written
B1,wrong
B1,yard
B1,young
B1,youth
B1,specialize
B1,assume
B1,writer
B1,perform
B1,credit
B1,green
B1,sleep
B1,necessary
B1,reveal
B1,bar
B1,debate
B1,leg
B1,contain
B1,beat
B1,democratic
B1,cold
B1,glass
B1,improve
B1,adult
B1,review
B1,address
B1,association
B1,stock
B1,gas
B1,lawyer
B1,middle
B1,cancer
B1,speech
B1,particular
B1,trial
B1,none
B1,item
B1,weight
B1,tomorrow
B1,step
B1,positive
B1,form
B1,citizen
B1,study
B1,trip
B1,establish
B1,executive
B1,customer
B1,manager
B1,rather
B1,publish
B1,popular
B1,sing
B1,conference
B1,discover
B1,fast
B1,direction
B1,sunday
B1,maintain
B1,past
B1,majority
B1,peace
B1,dinner
B1,partner
B1,user
B1,above
B1,fly
B1,bag
B1,rich
B1,individual
B1,tough
B1,owner
B1,shall
B1,inside
B1,voter
B1,tool
B1,june
B1,may
B1,mountain
B1,friday
B1,attorney
B1,expert
B1,structure
B1,budget
B1,insurance
B1,text
B1,freedom
B1,crazy
B1,reader
B1,style
B1,through
B1,march
B1,machine
B1,november
B1,income
B1,born
B1,hello
B1,onto
B1,sea
B1,okay
B1,mouth
B1,own
B1,test
B1,web
B1,threat
B1,solution
B1,shut
B1,down
B1,travel
B1,scientist
B1,hide
B1,refer
B1,alone
B1,drink
B1,investigation
B1,senator
B1,unit
B1,photograph
B1,july
B1,television
B1,radio
B1,prevent
B1,modern
B1,senate
B1,violence
B1,audience
B1,evening
B1,whom
B1,front
B1,hall
B1,task
B1,score
B1,skin
B1,wide
B1,civil
B1,weekend
B1,title
B1,heat
B1,hope
B1,finger
B1,mission
B1,participant
B1,hotel
B1,pattern
B1,break
B1,institution
B1,faith
B1,professional
B1,fall
B1,traditional
B1,council
B1,device
B1,firm
B1,chair
B1,internet
B1,october
B1,funny
B1,immediately
B1,investment
B1,ship
B1,content
B1,afraid
B1,handle
B1,track
B1,run
B1,wind
B1,cost
B1,heavy
B1,ice
B1,feed
B1,soldier
B1,just
B1,governor
B1,fish
B1,shoulder
B1,successful
B1,fair
B1,trust
B1,suddenly
B1,future
B1,interested
B1,saturday
B1,fresh
B1,anybody
B1,destroy
B1,critical
B1,researcher
B1,concept
B1,willing
B1,band
B1,marry
B1,promise
B1,easily
B1,restaurant
B1,league
B1,senior
B1,capital
B1,anymore
B2,abandon
B2,absolute
B2,academic
B2,acceptable
B2,accompany
B2,account
B2,accurate
B2,accuse
B2,acknowledge
B2,acquire
B2,actual
B2,adapt
B2,additional
B2,address
B2,administration
B2,adopt
B2,advance
B2,affair
B2,afterwards
B2,agency
B2,agenda
B2,aggressive
B2,aid
B2,aircraft
B2,alarm
B2,alter
B2,amount
B2,anger
B2,angle
B2,anniversary
B2,annual
B2,anxious
B2,apparent
B2,apparently
B2,appeal
B2,approach
B2,appropriate
B2,approval
B2,approve
B2,arise
B2,armed
B2,arms
B2,artificial
B2,artistic
B2,ashamed
B2,aspect
B2,assess
B2,assessment
B2,associate
B2,associated
B2,association
B2,assume
B2,attempt
B2,back
B2,bacteria
B2,bar
B2,barrier
B2,basically
B2,battle
B2,bear
B2,beat
B2,beg
B2,being
B2,bent
B2,bet
B2,beyond
B2,bill
B2,bitter
B2,blame
B2,blind
B2,bond
B2,border
B2,breast
B2,brief
B2,broad
B2,broadcast
B2,budget
B2,bullet
B2,bunch
B2,burn
B2,bush
B2,but
B2,cable
B2,calculate
B2,cancel
B2,cancer
B2,capable
B2,capacity
B2,capture
B2,cast
B2,catch
B2,cell
B2,chain
B2,chair
B2,chairman
B2,challenge
B2,characteristic
B2,chart
B2,chief
B2,circumstance
B2,cite
B2,citizen
B2,civil
B2,classic
B2,close1
B2,closely
B2,collapse
B2,combination
B2,comfort
B2,command
B2,commission
B2,commitment
B2,committee
B2,commonly
B2,complex
B2,complicated
B2,component
B2,concentration
B2,concept
B2,concern
B2,concerned
B2,conduct
B2,confidence
B2,conflict
B2,confusing
B2,conscious
B2,conservative
B2,consideration
B2,consistent
B2,constant
B2,constantly
B2,construct
B2,construction
B2,contemporary
B2,contest
B2,contract
B2,contribute
B2,contribution
B2,convert
B2,convinced
B2,core
B2,corporate
B2,council
B2,county
B2,courage
B2,crash
B2,creation
B2,creature
B2,credit
B2,crew
B2,crisis
B2,criterion
B2,critic
B2,critical
B2,criticism
B2,criticize
B2,crop
B2,crucial
B2,cry
B2,cure
B2,current
B2,curve
B2,curved
B2,date
B2,debate
B2,debt
B2,decent
B2,declare
B2,decline
B2,decoration
B2,decrease
B2,deeply
B2,defeat
B2,defence
B2,defend
B2,delay
B2,deliberate
B2,deliberately
B2,delight
B2,delighted
B2,delivery
B2,demand
B2,demonstrate
B2,deny
B2,depressed
B2,depressing
B2,depth
B2,desert
B2,deserve
B2,desire
B2,desperate
B2,detail
B2,detailed
B2,detect
B2,dig
B2,disc
B2,discipline
B2,discount
B2,dishonest
B2,dismiss
B2,display
B2,distribute
B2,distribution
B2,district
B2,divide
B2,division
B2,document
B2,domestic
B2,dominate
B2,downwards
B2,dozen
B2,draft
B2,drag
B2,dramatic
B2,edit
B2,edition
B2,efficient
B2,elderly
B2,elect
B2,elsewhere
B2,emerge
B2,emotional
B2,emphasis
B2,emphasize
B2,enable
B2,encounter
B2,engage
B2,enhance
B2,enquiry
B2,ensure
B2,enthusiasm
B2,enthusiastic
B2,entire
B2,entirely
B2,equal
B2,establish
B2,estate
B2,estimate
B2,ethical
B2,evaluate
B2,even
B2,evil
B2,examination
B2,excuse
B2,executive
B2,existence
B2,expectation
B2,expense
B2,exploration
B2,expose
B2,extend
B2,extent
B2,external
B2,extraordinary
B2,extreme
B2,facility
B2,failure
B2,faith
B2,fault
B2,favour
B2,feather
B2,fee
B2,feed
B2,feedback
B2,feel
B2,fellow
B2,figure
B2,file
B2,finance
B2,finding
B2,firm
B2,fix
B2,flame
B2,flash
B2,flexible
B2,float
B2,fold
B2,folding
B2,following
B2,forgive
B2,former
B2,fortune
B2,forward
B2,found
B2,free
B2,freedom
B2,frequency
B2,fuel
B2,fully
B2,function
B2,fund
B2,fundamental
B2,funding
B2,furthermore
B2,gain
B2,gang
B2,generate
B2,genre
B2,govern
B2,grab
B2,grade
B2,gradually
B2,grand
B2,grant
B2,guarantee
B2,handle
B2,harm
B2,harmful
B2,hearing
B2,heaven
B2,heel
B2,hell
B2,hesitate
B2,high
B2,hire
B2,hold
B2,hollow
B2,holy
B2,honour
B2,host
B2,house
B2,household
B2,housing
B2,humorous
B2,humour
B2,hunt
B2,hunting
B2,hurt
B2,ideal
B2,illustrate
B2,illustration
B2,imagination
B2,impatient
B2,imply
B2,impose
B2,impress
B2,impressed
B2,inch
B2,incident
B2,income
B2,increasingly
B2,industrial
B2,infection
B2,inform
B2,initial
B2,initially
B2,initiative
B2,inner
B2,insight
B2,insist
B2,inspire
B2,install
B2,instance
B2,institute
B2,institution
B2,insurance
B2,intended
B2,intense
B2,internal
B2,interpret
B2,interrupt
B2,investigation
B2,investment
B2,issue
B2,joy
B2,judgement
B2,junior
B2,justice
B2,justify
B2,labour
B2,landscape
B2,largely
B2,latest
B2,launch
B2,leadership
B2,league
B2,lean
B2,leave
B2,level
B2,licence
B2,limited
B2,line
B2,lively
B2,load
B2,loan
B2,logical
B2,long-term
B2,loose
B2,lord
B2,low
B2,lower
B2,lung
B2,maintain
B2,majority
B2,make
B2,map
B2,mass
B2,massive
B2,master
B2,matching
B2,material
B2,maximum
B2,means
B2,measurement
B2,medium
B2,melt
B2,military
B2,mineral
B2,minimum
B2,minister
B2,minor
B2,minority
B2,mission
B2,mistake
B2,mixed
B2,model
B2,modify
B2,monitor
B2,moral
B2,motor
B2,mount
B2,multiple
B2,multiply
B2,mysterious
B2,narrow
B2,national
B2,neat
B2,negative
B2,nerve
B2,nevertheless
B2,nightmare
B2,notion
B2,numerous
B2,obey
B2,object
B2,objective
B2,obligation
B2,observation
B2,observe
B2,obtain
B2,occasionally
B2,offence
B2,offend
B2,offensive
B2,official
B2,opening
B2,operate
B2,opponent
B2,oppose
B2,opposed
B2,opposition
B2,organ
B2,origin
B2,otherwise
B2,outcome
B2,outer
B2,outline
B2,overall
B2,owe
B2,pace
B2,package
B2,panel
B2,parliament
B2,participant
B2,partly
B2,passage
B2,patient
B2,pension1
B2,permanent
B2,permit
B2,perspective
B2,phase
B2,phenomenon
B2,philosophy
B2,pick
B2,picture
B2,pile
B2,pitch
B2,plain
B2,plot
B2,plus1
B2,pointed
B2,popularity
B2,pose
B2,position
B2,positive
B2,possess
B2,potential
B2,power
B2,praise
B2,pregnant
B2,preparation
B2,presence
B2,preserve
B2,price
B2,prime
B2,principle
B2,print
B2,priority
B2,privacy
B2,procedure
B2,process
B2,produce
B2,professional
B2,progress
B2,project
B2,proof
B2,proposal
B2,propose
B2,prospect
B2,protection
B2,psychologist
B2,psychology
B2,publication
B2,pupil
B2,purchase
B2,pure
B2,pursue
B2,range
B2,rank
B2,rapid
B2,rapidly
B2,rate
B2,raw
B2,reach
B2,realistic
B2,reasonable
B2,recall
B2,recover
B2,reduction
B2,regard
B2,regional
B2,register
B2,regret
B2,regulation
B2,relatively
B2,relevant
B2,relief
B2,rely
B2,remark
B2,representative
B2,reputation
B2,requirement
B2,rescue
B2,reserve
B2,resident
B2,resist
B2,resolve
B2,resort
B2,retain
B2,reveal
B2,revolution
B2,reward
B2,rhythm
B2,rid
B2,root
B2,round
B2,routine
B2,rub
B2,rubber
B2,rural
B2,rush
B2,sample
B2,satellite
B2,satisfied
B2,satisfy
B2,saving
B2,scale
B2,schedule
B2,scheme
B2,scream
B2,screen
B2,seat
B2,sector
B2,secure
B2,seek
B2,select
B2,selection
B2,self
B2,senior
B2,sense
B2,sensitive
B2,sentence
B2,sequence
B2,session
B2,settle
B2,severe
B2,shade
B2,shadow
B2,shallow
B2,shame
B2,shape
B2,shelter
B2,shift
B2,ship
B2,shock
B2,shocked
B2,shooting
B2,shot
B2,significant
B2,significantly
B2,silence
B2,silk
B2,sincere
B2,slave
B2,slide
B2,slight
B2,slip
B2,slope
B2,solar
B2,somewhat
B2,soul
B2,specialist
B2,species
B2,speed
B2,spiritual
B2,split
B2,sponsor
B2,spot
B2,spread
B2,stable
B2,stage
B2,stand
B2,stare
B2,status
B2,steady
B2,steel
B2,steep
B2,step
B2,sticky
B2,stiff
B2,stock
B2,stream
B2,stretch
B2,strict
B2,strike
B2,structure
B2,struggle
B2,stuff
B2,subject
B2,submit
B2,sum
B2,surgery
B2,surround
B2,surrounding
B2,survey
B2,suspect
B2,swear
B2,sweep
B2,switch
B2,sympathy
B2,tale
B2,tank
B2,target
B2,tear1
B2,tear2
B2,temporary
B2,term
B2,therapy
B2,threat
B2,threaten
B2,thus
B2,time
B2,title
B2,tone
B2,tough
B2,track
B2,transfer
B2,transform
B2,transition
B2,trial
B2,trip
B2,tropical
B2,trouble
B2,truly
B2,trust
B2,try
B2,tune
B2,tunnel
B2,ultimately
B2,unconscious
B2,unexpected
B2,unique
B2,universe
B2,unknown
B2,upper
B2,upwards
B2,urban
B2,urge
B2,value
B2,vary
B2,vast
B2,venue
B2,very
B2,via
B2,victory
B2,violence
B2,virtual
B2,vision
B2,visual
B2,vital
B2,vitamin
B2,volume
B2,wage
B2,way
B2,weakness
B2,wealth
B2,wealthy
B2,whereas
B2,wherever
B2,whisper
B2,whom
B2,widely
B2,wildlife
B2,willing
B2,wind2
B2,wire
B2,wise
B2,witness
B2,worse
B2,worst
B2,worth
B2,wound
B2,wrap
B2,wrong
B2,yet
B2,zone
B2,absorb
B2,abstract
B2,accent
B2,accidentally
B2,accommodate
B2,accommodation
B2,accomplish
B2,accountant
B2,accuracy
B2,accurately
B2,acid
B2,acre
B2,activate
B2,addiction
B2,additionally
B2,adequate
B2,adequately
B2,adjust
B2,affordable
B2,aged
B2,agriculture
B2,AIDS
B2,alien
B2,alongside
B2,altogether
B2,ambitious
B2,ambulance
B2,amusing
B2,analyst
B2,ancestor
B2,animation
B2,annually
B2,anticipate
B2,anxiety
B2,apology
B2,applicant
B2,appropriately
B2,arrow
B2,artwork
B2,asset
B2,assign
B2,assistance
B2,assumption
B2,assure
B2,astonishing
B2,athletic
B2,attachment
B2,audio
B2,awareness
B2,awkward
B2,badge
B2,balanced
B2,ballet
B2,balloon
B2,barely
B2,bargain
B2,basement
B2,basket
B2,bat
B2,beneficial
B2,beside
B2,besides
B2,bias
B2,bid
B2,biological
B2,blanket
B2,blow
B2,bold
B2,bombing
B2,boost
B2,bound
B2,brick
B2,briefly
B2,broadcaster
B2,broadly
B2,buck
B2,bug
B2,cabin
B2,canal
B2,candle
B2,carbon
B2,castle
B2,casual
B2,cave
B2,certainty
B2,certificate
B2,challenging
B2,championship
B2,charming
B2,chase
B2,cheek
B2,cheer
B2,chop
B2,circuit
B2,civilization
B2,clarify
B2,classify
B2,cliff
B2,clinic
B2,clip
B2,coincidence
B2,collector
B2,colony
B2,colorful
B2,comic
B2,commander
B2,comparative
B2,completion
B2,compose
B2,composer
B2,compound
B2,comprehensive
B2,comprise
B2,compulsory
B2,concrete
B2,confess
B2,confusion
B2,consequently
B2,conservation
B2,considerable
B2,considerably
B2,consistently
B2,conspiracy
B2,consult
B2,consultant
B2,consumption
B2,controversial
B2,controversy
B2,convenience
B2,convention
B2,conventional
B2,convey
B2,convincing
B2,cop
B2,cope
B2,corporation
B2,corridor
B2,counter
B2,coverage
B2,cowboy
B2,crack
B2,craft
B2,creativity
B2,critically
B2,cruise
B2,cue
B2,curious
B2,curriculum
B2,cute
B2,dairy
B2,dare
B2,darkness
B2,database
B2,deadline
B2,deadly
B2,dealer
B2,deck
B2,defender
B2,delete
B2,democracy
B2,democratic
B2,demonstration
B2,depart
B2,dependent
B2,deposit
B2,depression
B2,derive
B2,desperately
B2,destruction
B2,determination
B2,devote
B2,differ
B2,dime
B2,disability
B2,disabled
B2,disagreement
B2,disappoint
B2,disappointment
B2,discourage
B2,disorder
B2,distant
B2,distinct
B2,distinguish
B2,distract
B2,disturb
B2,dive
B2,diverse
B2,diversity
B2,divorce
B2,dominant
B2,donation
B2,dot
B2,dramatically
B2,drought
B2,dull
B2,dump
B2,duration
B2,dynamic
B2,eager
B2,economics
B2,economist
B2,editorial
B2,efficiently
B2,elbow
B2,electronics
B2,elegant
B2,elementary
B2,eliminate
B2,embrace
B2,emission
B2,emotionally
B2,empire
B2,enjoyable
B2,entertaining
B2,entrepreneur
B2,envelope
B2,equip
B2,equivalent
B2,era
B2,erupt
B2,essentially
B2,ethic
B2,ethnic
B2,evaluation
B2,evident
B2,evolution
B2,evolve
B2,exceed
B2,exception
B2,excessive
B2,exclude
B2,exotic
B2,expansion
B2,expedition
B2,expertise
B2,exploit
B2,exposure
B2,extension
B2,extensive
B2,extensively
B2,extract
B2,fabric
B2,fabulous
B2,faculty
B2,failed
B2,fake
B2,fame
B2,fantasy
B2,fare
B2,firefighter
B2,firework
B2,firmly
B2,flavor
B2,fond
B2,fool
B2,forbid
B2,forecast
B2,format
B2,formation
B2,formerly
B2,fortunate
B2,forum
B2,fossil
B2,foundation
B2,founder
B2,fraction
B2,fragment
B2,framework
B2,fraud
B2,freely
B2,frequent
B2,fulfill
B2,full-time
B2,fundamentally
B2,furious
B2,gallon
B2,gaming
B2,gay
B2,gender
B2,gene
B2,genetic
B2,genius
B2,genuine
B2,genuinely
B2,gesture
B2,globalization
B2,globe
B2,golden
B2,goodness
B2,gorgeous
B2,graphic
B2,graphics
B2,greatly
B2,greenhouse
B2,guideline
B2,habitat
B2,harbor
B2,headquarters
B2,heal
B2,healthcare
B2,helmet
B2,hence
B2,herb
B2,hidden
B2,hilarious
B2,hip
B2,historian
B2,homeless
B2,honesty
B2,honey
B2,hook
B2,hopefully
B2,hunger
B2,hypothesis
B2,icon
B2,ID
B2,identical
B2,illusion
B2,immigration
B2,immune
B2,implement
B2,implication
B2,incentive
B2,incorporate
B2,incorrect
B2,independence
B2,index
B2,indication
B2,inevitable
B2,inevitably
B2,infer
B2,inflation
B2,info
B2,infrastructure
B2,inhabitant
B2,inherit
B2,ink
B2,innovation
B2,innovative
B2,input
B2,insert
B2,inspector
B2,installation
B2,instant
B2,instantly
B2,integrate
B2,intellectual
B2,interact
B2,interaction
B2,interpretation
B2,interval
B2,invade
B2,invasion
B2,investor
B2,isolate
B2,isolated
B2,jail
B2,jet
B2,joint
B2,journalism
B2,jury
B2,kindergarten
B2,kit
B2,ladder
B2,landing
B2,lane
B2,lately
B2,legend
B2,lens
B2,lifetime
B2,lighting
B2,likewise
B2,limitation
B2,literally
B2,literary
B2,litter
B2,logo
B2,lottery
B2,loyal
B2,lyric
B2,magnificent
B2,makeup
B2,making
B2,manufacture
B2,manufacturing
B2,marathon
B2,margin
B2,marker
B2,martial
B2,mate
B2,mechanic
B2,mechanical
B2,mechanism
B2,medal
B2,medication
B2,membership
B2,memorable
B2,metaphor
B2,miner
B2,miserable
B2,mode
B2,modest
B2,monster
B2,monthly
B2,monument
B2,moreover
B2,mortgage
B2,mosque
B2,mosquito
B2,motion
B2,motivate
B2,motivation
B2,moving
B2,myth
B2,naked
B2,nasty
B2,navigation
B2,nearby
B2,necessity
B2,negotiate
B2,negotiation
B2,neutral
B2,newly
B2,nickel
B2,norm
B2,notebook
B2,novelist
B2,nowadays
B2,nursing
B2,nutrition
B2,obesity
B2,observer
B2,obstacle
B2,occupation
B2,occupy
B2,offender
B2,ongoing
B2,openly
B2,opera
B2,operator
B2,optimistic
B2,orchestra
B2,organic
B2,outfit
B2,output
B2,outstanding
B2,overcome
B2,overnight
B2,ownership
B2,oxygen
B2,packet
B2,palm
B2,panic
B2,parade
B2,parallel
B2,participation
B2,partnership
B2,part-time
B2,passionate
B2,password
B2,patch
B2,patience
B2,pause
B2,peer
B2,penalty
B2,perceive
B2,perception
B2,permanently
B2,pharmacy
B2,physician
B2,pill
B2,pity
B2,placement
B2,portion
B2,potentially
B2,precede
B2,precious
B2,precise
B2,precisely
B2,predictable
B2,preference
B2,presidential
B2,pride
B2,primarily
B2,principal
B2,prior
B2,probability
B2,probable
B2,proceed
B2,programming
B2,progressive
B2,prohibit
B2,promising
B2,promotion
B2,prompt
B2,proportion
B2,protein
B2,protester
B2,psychological
B2,publicity
B2,publishing
B2,punk
B2,purely
B2,pursuit
B2,puzzle
B2,questionnaire
B2,racial
B2,racism
B2,racist
B2,radiation
B2,rail
B2,random
B2,rat
B2,rating
B2,reasonably
B2,rebuild
B2,receiver
B2,recession
B2,reckon
B2,recognition
B2,recovery
B2,recruit
B2,referee
B2,refugee
B2,registration
B2,regulate
B2,reinforce
B2,relieve
B2,relieved
B2,remarkable
B2,remarkably
B2,reporting
B2,resign
B2,resolution
B2,restore
B2,restrict
B2,restriction
B2,résumé
B2,retail
B2,retirement
B2,revenue
B2,revision
B2,ridiculous
B2,risky
B2,rival
B2,rob
B2,robbery
B2,rocket
B2,romance
B2,rose
B2,roughly
B2,ruin
B2,satisfaction
B2,scandal
B2,scare
B2,scenario
B2,scholar
B2,scholarship
B2,scratch
B2,screening
B2,seeker
B2,seminar
B2,settler
B2,severely
B2,sexy
B2,shaped
B2,shocking
B2,shore
B2,shortage
B2,shortly
B2,short-term
B2,sibling
B2,sidewalk
B2,signature
B2,significance
B2,skilled
B2,skull
B2,slogan
B2,so-called
B2,somehow
B2,sometime
B2,sophisticated
B2,spare
B2,specify
B2,spectacular
B2,spectator
B2,speculate
B2,speculation
B2,spice
B2,spill
B2,spite
B2,spoil
B2,spokesman
B2,spokesperson
B2,spokeswoman
B2,sponsorship
B2,stall
B2,stance
B2,starve
B2,steadily
B2,steam
B2,stimulate
B2,strengthen
B2,strictly
B2,striking
B2,stroke
B2,stunning
B2,subsequent
B2,subsequently
B2,suburb
B2,suffering
B2,sufficient
B2,sufficiently
B2,super
B2,surgeon
B2,survival
B2,survivor
B2,suspend
B2,sustainable
B2,swallow
B2,sympathetic
B2,tackle
B2,tag
B2,tap
B2,technological
B2,teen
B2,temple
B2,temporarily
B2,tendency
B2,tension
B2,terminal
B2,terms
B2,terribly
B2,terrify
B2,territory
B2,terror
B2,terrorism
B2,terrorist
B2,testing
B2,textbook
B2,theft
B2,therapist
B2,thesis
B2,thorough
B2,thoroughly
B2,thumb
B2,timing
B2,tissue
B2,tournament
B2,trace
B2,trading
B2,tragedy
B2,tragic
B2,trait
B2,transmit
B2,trap
B2,treasure
B2,tribe
B2,trigger
B2,trillion
B2,troop
B2,tsunami
B2,ultimate
B2,unacceptable
B2,uncertainty
B2,undergo
B2,undertake
B2,unfold
B2,unfortunate
B2,unite
B2,unity
B2,universal
B2,urgent
B2,usage
B2,useless
B2,valid
B2,variation
B2,vertical
B2,viewpoint
B2,visa
B2,visible
B2,voluntary
B2,voting
B2,wander
B2,warming
B2,weekly
B2,weird
B2,welfare
B2,wheat
B2,whoever
B2,widespread
B2,wisdom
B2,withdraw
B2,wolf
B2,workforce
B2,workplace
B2,workshop
B2,worm
B2,wrist
B2,liberal
B2,ride
B2,knock
B2,previously
B2,wing
B2,fat
B2,experiment
B2,match
B2,thin
B2,farmer
B2,rare
B2,english
B2,northern
B2,speaker
B2,leaf
B2,creative
B2,hat
B2,doubt
B2,promise
B2,nurse
B2,question
B2,difficulty
B2,hardly
B2,daddy
B2,list
B2,comment
B2,vs
B2,invest
B2,personally
B2,explanation
B2,airport
B2,lock
B2,convince
B2,channel
B2,carefully
B2,tear
B2,offer
B2,guide
B2,forth
B2,his
B2,birthday
B2,travel
B2,pray
B2,improvement
B2,ancient
B2,ought
B2,escape
B2,trail
B2,brown
B2,fashion
B2,length
B2,sheet
B2,meanwhile
B2,essential
B2,apart
B2,description
B2,mix
B2,snow
B2,pretty
B2,proper
B2,part
B2,marketing
B2,other
B2,bomb
B2,lack
B2,muscle
B2,contact
B2,rise
B2,FALSE
B2,likely
B2,typically
B2,spending
B2,instrument
B2,far
B2,thick
B2,kiss
B2,increased
B2,separate
B2,noise
B2,yellow
B2,aim
B2,e-mail
B2,cycle
B2,signal
B2,app
B2,reject
B2,visitor
B2,contrast
B2,judgment
B2,mean
B2,rest
B2,pass
B2,regime
B2,merely
B2,producer
B2,whoa
B2,route
B2,lie
B2,typical
B2,smell
B2,female
B2,living
B2,comparison
B2,hand
B2,campus
B2,solid
B2,branch
B2,mad
B2,gentleman
B2,fast
B2,land
B2,hit
B2,aside
B2,athlete
B2,prayer
B2,frequently
B2,employ
B2,basketball
B2,existing
B2,click
B2,emotion
B2,fuck
B2,platform
B2,behind
B2,frame
B2,quote
B2,brand
B2,legislation
B2,addition
B2,lab
B2,row
B2,online
B2,taste
B2,attract
B2,ha
B2,for
B2,breathe
B2,mirror
B2,pilot
B2,milk
B2,warning
B2,flow
B2,quit
B2,calorie
B2,seed
B2,bike
B2,german
B2,employer
B2,technical
B2,disaster
B2,sale
B2,bathroom
B2,succeed
B2,enforcement
B2,diet
B2,mark
B2,journalist
B2,bible
B2,queen
B2,cream
B2,soil
B2,angel
B2,journey
B2,cheese
B2,bedroom
B2,perfectly
B2,wheel
B2,gap
B2,veteran
B2,below
B2,disagree
B2,whole
B2,fewer
B2,engineer
B2,walk
B2,dish
B2,waste
B2,dude
B2,present
B2,ceo
B2,gate
B2,slow
B2,whenever
B2,entry
B2,japanese
B2,gray
B2,height
B2,compete
B2,rule
B2,due
B2,benefit
B2,achievement
B2,alcohol
B2,offense
B2,touch
B2,killer
B2,personality
B2,soon
B2,suck
B2,fairly
B2,column
B2,wash
B2,button
B2,pour
B2,immigrant
B2,first
B2,golf
B2,unable
B2,alternative
B2,favorite
B2,stop
B2,violent
B2,suicide
B2,deficit
B2,symptom
B2,complaint
B2,analyze
B2,scared
B2,supporter
B2,twenty
B2,pretend
B2,childhood
B2,well
B2,outside
B2,dark
B2,poverty
B2,prosecutor
B2,double
B2,israeli
B2,reply
B2,knife
B2,tech
B2,detective
B2,pack
B2,watch
B2,chip
B2,regardless
B2,tie
B2,pop
B2,layer
B2,bread
B2,passion
B2,block
B2,highway
B2,vice
B2,win
B2,mystery
B2,liberty
B2,beneath
B2,passenger
B2,graduate
B2,sharp
B2,substance
B2,atmosphere
B2,stir
B2,muslim
B2,pepper
B2,square
B2,recipe
B2,roof
B2,vegetable
B2,silent
B2,habit
B2,discovery
B2,total
B2,dna
B2,girlfriend
B2,consist
B2,straight
B2,surely
B2,nervous
B2,immediate
B2,parking
B2,sin
B2,unusual
B2,rice
B2,engineering
B2,interview
B2,bury
B2,still
B2,cake
B2,anonymous
B2,flag
B2,good
B2,coach
B2,breakfast
B2,profile
B2,assist
B2,bitch
B2,entertainment
B2,shout
B2,academy
B2,teaspoon
B2,dream
B2,usual
B2,ally
B2,clinical
B2,count
B2,avenue
B2,priest
B2,employment
B2,relax
B2,grass
B2,practical
B2,musical
B2,suggestion
B2,resistance
B2,smoke
B2,prince
B2,illness
B2,trade
B2,republic
B2,volunteer
B2,general
B2,mine
B2,opposite
B2,awesome
B2,black
B2,iraqi
B2,iron
B2,phrase
B2,sand
B2,designer
B2,planning
B2,leading
B2,respect
B2,occasion
B2,approximately
B2,retire
B2,festival
B2,cap
B2,attach
B2,intention
B2,yell
B2,incredible
B2,spanish
B2,strongly
B2,transportation
B2,pot
B2,boyfriend
B2,rarely
B2,enormous
B2,cigarette
B2,factory
B2,valuable
B2,electric
B2,giant
B2,effectively
B2,christian
B2,wonder
B2,remaining
B2,particular
B2,congressional
B2,bind
B2,coat
B2,tower
B2,license
B2,twitter
B2,innocent
B2,mail
B2,investigator
B2,virus
B2,hurricane
B2,provision
B2,communicate
B2,cross
B2,jacket
B2,increasing
B2,green
B2,equally
B2,pay
B2,in
B2,light
B2,fiction
B2,protest
B2,mama
B2,twin
B2,pant
B2,another
B2,ahead
B2,bend
B2,exercise
B2,criteria
B2,arab
B2,dirty
B2,ring
B2,toy
B2,assault
B2,peak
B2,boot
B2,math
B2,favor
B2,pink
B2,dust
B2,aunt
B2,lost
B2,mood
B2,mm-hmm
B2,settlement
B2,rather
B2,juice
B2,formal
B2,virtually
B2,gallery
B2,throat
B2,normally
B2,mess
B2,enterprise
B2,salary
B2,cousin
B2,ordinary
B2,helpful
B2,competitive
B2,lovely
B2,fishing
B2,essay
B2,islamic
B2,honor
B2,drama
B2,odd
B2,stranger
B2,belt
B2,toss
B2,fifth
B2,formula
B2,potato
B2,telephone
B2,rape
B2,navy
B2,excited
B2,prisoner
B2,damn
B2,butter
B2,prize
B2,drop
B2,provider
B2,fucking
B2,activist
B2,poem
B2,vacation
B2,weigh
B2,clock
B2,arrange
B2,stomach
B2,concert
B2,originally
B2,statistics
B2,electronic
B2,properly
B2,bureau
B2,and/or
B2,recommendation
B2,exciting
B2,maker
B2,dear
B2,impression
B2,broken
B2,battery
B2,narrative
B2,kid
B2,sake
B2,heavily
B2,rep
B2,string
B2,lawsuit
B2,latter
B2,deputy
B2,buddy
B2,friendly
B2,hungry
B2,bean
B2,sauce
B2,trick
B2,absence
B2,symbol
B2,tablespoon
B2,hmm
B2,arrest
B2,aids
B2,defensive
B2,apologize
B2,top
B2,asian
B2,ghost
B2,involvement
B2,mouse
B2,airline
B2,nowhere
B2,not
B2,exact
B2,silver
B2,cent
B2,teenager
B2,viewer
B2,chocolate
B2,bottom
B2,grandmother
B2,missile
B2,constitutional
B2,adventure
B2,related
B2,swing
B2,manufacturer
B2,wipe
B2,dimension
B2,request
B2,roll
B2,historic
B2,educator
B2,rough
B2,personnel
B2,race
B2,confront
B2,royal
B2,elite
B2,wet
B2,violate
B2,champion
B2,snap
B2,advise
B2,advanced
B2,unlikely
B2,advocate
B2,label
B2,access
B2,horrible
B2,burden
B2,violation
B2,unlike
B2,idiot
B2,working
B2,react
B2,presentation
B2,supply
B2,gear
B2,photograph
B2,mexican
B2,stadium
B2,translate
B2,sheriff
B2,spin
B2,coalition
B2,naturally
B2,menu
B2,smooth
B2,advertising
B2,plant
B2,arrangement
B2,brilliant
B2,storage
B2,honestly
B2,sigh
B2,utility
B2,cookie
B2,update
B2,alliance
B2,corn
B2,neither
B2,hurry
B2,testimony
B2,stake
B2,bite
B2,given
B2,substantial
B2,depending
B2,glance
B2,developer
B2,ballot
B2,consume
B2,chamber
B2,similarly
B2,stick
B2,developing
B2,tiger
C1,abolish
C1,abortion
C1,absence
C1,absent
C1,absurd
C1,abuse
C1,academy
C1,accelerate
C1,acceptance
C1,accessible
C1,accomplishment
C1,accordingly
C1,accountability
C1,accountable
C1,accumulate
C1,accumulation
C1,accusation
C1,accused
C1,acid
C1,acquisition
C1,activation
C1,activist
C1,acute
C1,adaptation
C1,adhere
C1,adjacent
C1,adjustment
C1,administer
C1,administrative
C1,administrator
C1,admission
C1,adolescent
C1,adoption
C1,adverse
C1,advocate
C1,aesthetic
C1,affection
C1,aftermath
C1,aggression
C1,agricultural
C1,aide
C1,alert
C1,alien
C1,align
C1,alignment
C1,alike
C1,allegation
C1,allege
C1,allegedly
C1,alliance
C1,allocate
C1,allocation
C1,allowance
C1,ally
C1,aluminum
C1,amateur
C1,ambassador
C1,amend
C1,amendment
C1,amid
C1,analogy
C1,anchor
C1,angel
C1,anonymous
C1,apparatus
C1,apparel
C1,appealing
C1,appetite
C1,applaud
C1,applicable
C1,appoint
C1,appreciation
C1,arbitrary
C1,architectural
C1,archive
C1,arena
C1,arm
C1,array
C1,articulate
C1,ash
C1,aspiration
C1,aspire
C1,assassination
C1,assault
C1,assemble
C1,assembly
C1,assert
C1,assertion
C1,assurance
C1,asylum
C1,atrocity
C1,attain
C1,attendance
C1,attribute
C1,auction
C1,audit
C1,authentic
C1,authorize
C1,auto
C1,autonomy
C1,autumn
C1,availability
C1,await
C1,backdrop
C1,backing
C1,backup
C1,bail
C1,ballot
C1,bankruptcy
C1,banner
C1,bare
C1,barrel
C1,bass1
C1,bat
C1,battlefield
C1,bay
C1,beam
C1,beast
C1,behalf
C1,behavioral
C1,beloved
C1,bench
C1,benchmark
C1,beneath
C1,beneficiary
C1,betray
C1,beverage
C1,bind
C1,biography
C1,bishop
C1,bizarre
C1,blade
C1,blast
C1,bleed
C1,blend
C1,bless
C1,blessing
C1,boast
C1,bonus
C1,booking
C1,boom
C1,bounce
C1,boundary
C1,bow1
C1,breach
C1,breakdown
C1,breakthrough
C1,breed
C1,broadband
C1,browser
C1,brutal
C1,buddy
C1,buffer
C1,bulk
C1,burden
C1,bureaucracy
C1,burial
C1,burst
C1,cabinet
C1,calculation
C1,canvas
C1,capability
C1,capitalism
C1,capitalist
C1,cargo
C1,carriage
C1,carve
C1,casino
C1,casualty
C1,catalog
C1,cater
C1,cattle
C1,caution
C1,cautious
C1,cease
C1,cemetery
C1,chamber
C1,chaos
C1,characterize
C1,charm
C1,charter
C1,choir
C1,chronic
C1,chunk
C1,circulate
C1,circulation
C1,citizenship
C1,civic
C1,civilian
C1,clarity
C1,clash
C1,classification
C1,cling
C1,clinical
C1,closure
C1,cluster
C1,coalition
C1,coastal
C1,cocktail
C1,cognitive
C1,coincide
C1,collaborate
C1,collaboration
C1,collective
C1,collision
C1,colonial
C1,columnist
C1,combat
C1,commence
C1,commentary
C1,commentator
C1,commerce
C1,commissioner
C1,commodity
C1,communist
C1,companion
C1,comparable
C1,compassion
C1,compel
C1,compelling
C1,compensate
C1,compensation
C1,competence
C1,competent
C1,compile
C1,complement
C1,complexity
C1,compliance
C1,complication
C1,comply
C1,composition
C1,compromise
C1,compute
C1,conceal
C1,concede
C1,conceive
C1,conception
C1,concession
C1,condemn
C1,confer
C1,confession
C1,configuration
C1,confine
C1,confirmation
C1,confront
C1,confrontation
C1,congratulate
C1,congregation
C1,congressional
C1,conquer
C1,conscience
C1,consciousness
C1,consecutive
C1,consensus
C1,consent
C1,conserve
C1,consistency
C1,consolidate
C1,constitute
C1,constitution
C1,constitutional
C1,constraint
C1,consultation
C1,contemplate
C1,contempt
C1,contend
C1,contender
C1,content2
C1,contention
C1,continually
C1,contractor
C1,contradiction
C1,contrary
C1,contributor
C1,conversion
C1,convict
C1,conviction
C1,cooperate
C1,cooperative
C1,coordinate
C1,coordination
C1,coordinator
C1,copper
C1,copyright
C1,correction
C1,correlate
C1,correlation
C1,correspond
C1,correspondence
C1,correspondent
C1,corresponding
C1,corrupt
C1,corruption
C1,costly
C1,councilor
C1,counseling
C1,counselor
C1,counter
C1,counterpart
C1,countless
C1,coup
C1,courtesy
C1,craft
C1,crawl
C1,creator
C1,credibility
C1,credible
C1,creep
C1,critique
C1,crown
C1,crude
C1,crush
C1,crystal
C1,cult
C1,cultivate
C1,curiosity
C1,custody
C1,cutting
C1,cynical
C1,dam
C1,damaging
C1,dawn
C1,debris
C1,debut
C1,decision-making
C1,decisive
C1,declaration
C1,dedicated
C1,dedication
C1,deed
C1,deem
C1,default
C1,defect
C1,defensive
C1,deficiency
C1,deficit
C1,defy
C1,delegate
C1,delegation
C1,delicate
C1,demon
C1,denial
C1,denounce
C1,dense
C1,density
C1,dependence
C1,depict
C1,deploy
C1,deployment
C1,deprive
C1,deputy
C1,descend
C1,descent
C1,designate
C1,desirable
C1,desktop
C1,destructive
C1,detain
C1,detection
C1,detention
C1,deteriorate
C1,devastate
C1,devil
C1,devise
C1,diagnose
C1,diagnosis
C1,dictate
C1,dictator
C1,differentiate
C1,dignity
C1,dilemma
C1,dimension
C1,diminish
C1,dip
C1,diplomat
C1,diplomatic
C1,directory
C1,disastrous
C1,discard
C1,discharge
C1,disclose
C1,disclosure
C1,discourse
C1,discretion
C1,discrimination
C1,dismissal
C1,displace
C1,disposal
C1,dispose
C1,dispute
C1,disrupt
C1,disruption
C1,dissolve
C1,distinction
C1,distinctive
C1,distort
C1,distress
C1,disturbing
C1,divert
C1,divine
C1,doctrine
C1,documentation
C1,domain
C1,dominance
C1,donor
C1,dose
C1,drain
C1,drift
C1,driving
C1,drown
C1,dual
C1,dub
C1,dumb
C1,duo
C1,dynamic
C1,earnings
C1,ease
C1,echo
C1,ecological
C1,educator
C1,effectiveness
C1,efficiency
C1,ego
C1,elaborate
C1,electoral
C1,elevate
C1,eligible
C1,elite
C1,embark
C1,embarrassment
C1,embassy
C1,embed
C1,embody
C1,emergence
C1,empirical
C1,empower
C1,enact
C1,encompass
C1,encouragement
C1,encouraging
C1,endeavor
C1,endless
C1,endorse
C1,endorsement
C1,endure
C1,enforce
C1,enforcement
C1,engagement
C1,engaging
C1,enrich
C1,enroll
C1,ensue
C1,enterprise
C1,enthusiast
C1,entitle
C1,entity
C1,epidemic
C1,equality
C1,equation
C1,erect
C1,escalate
C1,essence
C1,establishment
C1,eternal
C1,evacuate
C1,evoke
C1,evolutionary
C1,exaggerate
C1,excellence
C1,exceptional
C1,excess
C1,exclusion
C1,exclusive
C1,exclusively
C1,execute
C1,execution
C1,exert
C1,exile
C1,expenditure
C1,experimental
C1,expire
C1,explicit
C1,explicitly
C1,exploitation
C1,explosive
C1,extract
C1,extremist
C1,facilitate
C1,faction
C1,fade
C1,fairness
C1,fatal
C1,fate
C1,favorable
C1,feat
C1,felony
C1,feminist
C1,fiber
C1,fierce
C1,filmmaker
C1,filter
C1,fine
C1,firearm
C1,fiscal
C1,fit
C1,flaw
C1,flawed
C1,flee
C1,fleet
C1,flesh
C1,flexibility
C1,flourish
C1,fluid
C1,footage
C1,foreigner
C1,forge
C1,formula
C1,formulate
C1,forth
C1,forthcoming
C1,foster
C1,fragile
C1,franchise
C1,frankly
C1,freshman
C1,frustrated
C1,frustrating
C1,frustration
C1,functional
C1,fundraising
C1,funeral
C1,gambling
C1,gathering
C1,gaze
C1,gear
C1,generic
C1,genocide
C1,gig
C1,glance
C1,glimpse
C1,glorious
C1,glory
C1,governance
C1,grace
C1,grasp
C1,grave
C1,gravity
C1,grid
C1,grief
C1,grin
C1,grind
C1,grip
C1,gross
C1,guerrilla
C1,guidance
C1,guilt
C1,gut
C1,hail
C1,halfway
C1,halt
C1,handful
C1,handling
C1,handy
C1,harassment
C1,hardware
C1,harmony
C1,harsh
C1,harvest
C1,hatred
C1,haunt
C1,hazard
C1,heighten
C1,heritage
C1,hierarchy
C1,high-profile
C1,hint
C1,homeland
C1,hopeful
C1,horizon
C1,horn
C1,hostage
C1,hostile
C1,hostility
C1,humanitarian
C1,humanity
C1,humble
C1,hydrogen
C1,identification
C1,ideological
C1,ideology
C1,idiot
C1,ignorance
C1,imagery
C1,immense
C1,imminent
C1,implementation
C1,imprison
C1,inability
C1,inadequate
C1,inappropriate
C1,incarcerate
C1,incarceration
C1,incidence
C1,inclined
C1,inclusion
C1,incur
C1,indicator
C1,indictment
C1,indigenous
C1,induce
C1,indulge
C1,inequality
C1,infamous
C1,infant
C1,infect
C1,inflict
C1,influential
C1,inherent
C1,inhibit
C1,initiate
C1,inject
C1,injection
C1,injustice
C1,inmate
C1,inquire
C1,insertion
C1,insider
C1,inspect
C1,inspection
C1,inspiration
C1,instinct
C1,institutional
C1,instruct
C1,instrumental
C1,insufficient
C1,insult
C1,intact
C1,intake
C1,integral
C1,integrated
C1,integration
C1,integrity
C1,intellectual
C1,intensify
C1,intensity
C1,intensive
C1,intent
C1,interactive
C1,interface
C1,interfere
C1,interference
C1,interim
C1,interior
C1,intermediate
C1,intersection
C1,intervene
C1,intervention
C1,intimate
C1,intriguing
C1,inventory
C1,investigator
C1,invisible
C1,invoke
C1,involvement
C1,ironic
C1,ironically
C1,irony
C1,irrelevant
C1,isolation
C1,judicial
C1,jurisdiction
C1,just
C1,justification
C1,keen
C1,kidnap
C1,kidney
C1,kingdom
C1,landlord
C1,landmark
C1,lap
C1,large-scale
C1,laser
C1,latter
C1,lawmaker
C1,lawn
C1,lawsuit
C1,layout
C1,leak
C1,leap
C1,legacy
C1,legendary
C1,legislation
C1,legislative
C1,legislature
C1,legitimate
C1,lengthy
C1,lesbian
C1,lesser
C1,lethal
C1,liable
C1,liberal
C1,liberation
C1,liberty
C1,lifelong
C1,likelihood
C1,limb
C1,linear
C1,lineup
C1,linger
C1,listing
C1,liter
C1,literacy
C1,liver
C1,lobby
C1,log
C1,logic
C1,long-standing
C1,longtime
C1,loom
C1,loop
C1,loyalty
C1,machinery
C1,magical
C1,magnetic
C1,magnitude
C1,mainland
C1,mainstream
C1,maintenance
C1,mandate
C1,mandatory
C1,manifest
C1,manipulate
C1,manipulation
C1,manuscript
C1,march
C1,marginal
C1,marine
C1,marketplace
C1,mask
C1,massacre
C1,mathematical
C1,mature
C1,maximize
C1,meaningful
C1,meantime
C1,medieval
C1,meditation
C1,melody
C1,memo
C1,memoir
C1,memorial
C1,mentor
C1,merchant
C1,mercy
C1,mere
C1,merely
C1,merge
C1,merger
C1,merit
C1,methodology
C1,midst
C1,migration
C1,militant
C1,militia
C1,mill
C1,minimal
C1,minimize
C1,mining
C1,ministry
C1,minute2
C1,miracle
C1,misery
C1,misleading
C1,missile
C1,mob
C1,mobile
C1,mobility
C1,mobilize
C1,moderate
C1,modification
C1,module
C1,momentum
C1,monk
C1,monopoly
C1,morality
C1,motive
C1,municipal
C1,mutual
C1,namely
C1,nationwide
C1,naval
C1,neglect
C1,neighboring
C1,nest
C1,net
C1,newsletter
C1,niche
C1,noble
C1,nod
C1,nominate
C1,nomination
C1,nominee
C1,nonetheless
C1,nonprofit
C1,nonsense
C1,noon
C1,notable
C1,notably
C1,notify
C1,notorious
C1,novel
C1,nursery
C1,objection
C1,oblige
C1,obsess
C1,obsession
C1,occasional
C1,occurrence
C1,odds
C1,offering
C1,offspring
C1,operational
C1,opt
C1,optical
C1,optimism
C1,oral
C1,organizational
C1,orientation
C1,originate
C1,outbreak
C1,outing
C1,outlet
C1,outlook
C1,outrage
C1,outsider
C1,overlook
C1,overly
C1,oversee
C1,overturn
C1,overwhelm
C1,overwhelming
C1,pad
C1,parameter
C1,parental
C1,parliament
C1,partial
C1,partially
C1,passing
C1,passive
C1,pastor
C1,patent
C1,pathway
C1,patrol
C1,patron
C1,peak
C1,peasant
C1,peculiar
C1,pension1
C1,persist
C1,persistent
C1,personnel
C1,petition
C1,philosopher
C1,philosophical
C1,pioneer
C1,pipeline
C1,pirate
C1,pit
C1,plea
C1,plead
C1,pledge
C1,plug
C1,plunge
C1,pole
C1,poll
C1,pond
C1,pop
C1,portfolio
C1,portray
C1,postpone
C1,postwar
C1,practitioner
C1,preach
C1,precedent
C1,precision
C1,predator
C1,predecessor
C1,predominantly
C1,pregnancy
C1,prejudice
C1,preliminary
C1,premier
C1,premise
C1,premium
C1,prescribe
C1,prescription
C1,presently
C1,preservation
C1,preside
C1,presidency
C1,prestigious
C1,presumably
C1,presume
C1,prevail
C1,prevalence
C1,prevention
C1,prey
C1,principal
C1,privatization
C1,privilege
C1,probe
C1,problematic
C1,proceeding
C1,proceeds
C1,processing
C1,processor
C1,proclaim
C1,productive
C1,productivity
C1,profitable
C1,profound
C1,projection
C1,prominent
C1,pronounced
C1,propaganda
C1,proposition
C1,prosecute
C1,prosecution
C1,prosecutor
C1,prospective
C1,prosperity
C1,protective
C1,protocol
C1,province
C1,provincial
C1,provision
C1,provoke
C1,psychiatric
C1,pulse
C1,pump
C1,punch
C1,query
C1,quest
C1,quota
C1,radar
C1,radical
C1,rage
C1,raid
C1,rally
C1,ranking
C1,rape
C1,ratio
C1,rational
C1,ray
C1,readily
C1,realization
C1,realm
C1,rear
C1,reasoning
C1,reassure
C1,rebel
C1,rebellion
C1,recipient
C1,reconstruction
C1,recount1
C1,recruitment
C1,referendum
C1,reflection
C1,reform
C1,refuge
C1,refusal
C1,regain
C1,regardless
C1,regime
C1,regulator
C1,regulatory
C1,rehabilitation
C1,reign
C1,rejection
C1,relevance
C1,reliability
C1,reluctant
C1,remainder
C1,remains
C1,remedy
C1,reminder
C1,removal
C1,render
C1,renew
C1,renowned
C1,rental
C1,replacement
C1,reportedly
C1,representation
C1,reproduce
C1,reproduction
C1,republic
C1,resemble
C1,reside
C1,residence
C1,residential
C1,residue
C1,resignation
C1,resistance
C1,respective
C1,respectively
C1,restoration
C1,restraint
C1,resume
C1,retreat
C1,retrieve
C1,revelation
C1,revenge
C1,reverse
C1,revival
C1,revive
C1,revolutionary
C1,rhetoric
C1,rifle
C1,riot
C1,rip
C1,ritual
C1,robust
C1,rock
C1,rod
C1,rookie
C1,roster
C1,rotate
C1,rotation
C1,ruling
C1,rumor
C1,sacred
C1,sacrifice
C1,saint
C1,sake
C1,sanction
C1,say
C1,scattered
C1,scope
C1,screw
C1,scrutiny
C1,seal
C1,secondly
C1,secular
C1,seemingly
C1,segment
C1,seize
C1,seldom
C1,selective
C1,sensation
A2,nearly
A2,necessary
A2,neck
A2,need
A2,neither
A2,nervous
A2,network
A2,noise
A2,noisy
A2,none
A2,normal
A2,normally
A2,notice
A2,novel
A2,nowhere
A2,number
A2,nut
A2,ocean
A2,offer
A2,officer
A2,oil
A2,onto
A2,opportunity
A2,option
A2,ordinary
A2,organization
A2,organize
A2,original
A2,ourselves
A2,A2
A2,oven
A2,own
A2,owner
A2,pack
A2,pain
A2,painter
A2,palace
A2,pants
A2,parking
A2,particular
A2,pass
A2,passenger
A2,past
A2,patient
A2,pattern
A2,pay
A2,peace
A2,penny
A2,per
A2,perform
A2,perhaps
A2,permission
A2,personality
A2,pet
A2,petrol
A2,photograph
A2,physical
A2,physics
A2,pick
A2,pilot
A2,planet
A2,plant
A2,plastic
A2,plate
A2,platform
A2,please
A2,pleased
A2,pocket
A2,polite
A2,pollution
A2,pop
A2,population
A2,position
A2,possession
A2,possibility
A2,poster
A2,power
A2,predict
A2,present
A2,president
A2,prevent
A2,print
A2,printer
A2,prison
A2,prize
A2,process
A2,produce
A2,professional
A2,professor
A2,profile
A2,program
A2,progress
A2,promise
A2,pronounce
A2,protect
A2,provide
A2,pub
A2,public
A2,publish
A2,pull
A2,purpose
A2,push
A2,quality
A2,quantity
A2,queen
A2,question
A2,quietly
A2,race
A2,railway
A2,raise
A2,rate
A2,rather
A2,reach
A2,react
A2,realize
A2,receive
A2,recent
A2,recently
A2,reception
A2,recipe
A2,recognize
A2,recommend
A2,record
A2,recording
A2,recycle
A2,reduce
A2,refer
A2,refuse1
A2,region
A2,regular
A2,relationship
A2,remove
A2,repair
A2,replace
A2,reply
A2,report
A2,reporter
A2,request
A2,research
A2,researcher
A2,respond
A2,response
A2,rest
A2,review
A2,ride
A2,ring1
A2,ring2
A2,rise
A2,rock
A2,role
A2,roof
A2,round
A2,route
A2,rubbish
A2,rude
A2,run
A2,runner
A2,running
A2,sadly
A2,safe
A2,sail
A2,sailing
A2,salary
A2,sale
A2,sauce
A2,save
A2,scared
A2,scary
A2,scene
A2,schedule
A2,score
A2,screen
A2,search
A2,season
A2,seat
A2,secondly
A2,secret
A2,secretary
A2,seem
A2,sense
A2,separate
A2,series
A2,serious
A2,serve
A2,service
A2,several
A2,shake
A2,shall
A2,shape
A2,sheet
A2,ship
A2,shoulder
A2,shout
A2,shut
A2,side
A2,sign
A2,silver
A2,simple
A2,since
A2,singing
A2,single
A2,sir
A2,site
A2,size
A2,ski
A2,skiing
A2,skin
A2,sky
A2,sleep
A2,slowly
A2,smartphone
A2,smell
A2,smile
A2,smoke
A2,smoking
A2,soap
A2,soccer
A2,social
A2,society
A2,sock
A2,soft
A2,soldier
A2,solution
A2,solve
A2,somewhere
A2,sort
A2,source
A2,speaker
A2,specific
A2,speech
A2,speed
A2,spider
A2,spoon
A2,square
A2,stage
A2,stair
A2,stamp
A2,star
A2,start
A2,state
A2,stay
A2,steal
A2,step
A2,stomach
A2,stone
A2,store
A2,storm
A2,straight
A2,strange
A2,strategy
A2,stress
A2,structure
A2,stupid
A2,succeed
A2,successful
A2,such
A2,suddenly
A2,suggest
A2,suggestion
A2,suit
A2,support
A2,suppose
A2,sure
A2,surprise
A2,surprised
A2,surprising
A2,survey
A2,sweet
A2,symbol
A2,system
A2,tablet
A2,talk
A2,target
A2,task
A2,taste
A2,teaching
A2,technology
A2,teenage
A2,temperature
A2,term
A2,text
A2,themselves
A2,thick
A2,thief
A2,thin
A2,thinking
A2,third
A2,thought
A2,throw
A2,tidy
A2,tie
A2,tip
A2,tool
A2,top
A2,touch
A2,tour
A2,tourism
A2,towards
A2,towel
A2,tower
A2,toy
A2,track
A2,tradition
A2,traditional
A2,train
A2,trainer
A2,training
A2,transport
A2,traveller
A2,trouble
A2,truck
A2,twin
A2,typical
A2,underground
A2,understanding
A2,unfortunately
A2,unhappy
A2,uniform
A2,unit
A2,united
A2,unusual
A2,upstairs
A2,use
A2,used
A2,user
A2,usual
A2,valley
A2,van
A2,variety
A2,vehicle
A2,view
A2,virus
A2,voice
A2,wait
A2,war
A2,wash
A2,washing
A2,wave
A2,weak
A2,web
A2,wedding
A2,weight
A2,welcome
A2,wet
A2,wheel
A2,while
A2,whole
A2,whose
A2,wide
A2,wild
A2,wind1
A2,winner
A2,wish
A2,wood
A2,wooden
A2,working
A2,worried
A2,worry
A2,worse
A2,worst
A2,wow
A2,yet
A2,yours
A2,zero
A2,explain
A2,model
A2,six
A2,fine
A2,movie
A2,player
A2,million
A2,difference
A2,development
A2,federal
A2,former
A2,pretty
A2,price
A2,effort
A2,nice
A2,quite
A2,toward
A2,because
A2,photo
A2,wear
A2,space
A2,project
A2,return
A2,special
A2,type
A2,town
A2,article
A2,road
A2,form
A2,economic
A2,situation
A2,choose
A2,practice
A2,happy
A2,science
A2,join
A2,teach
A2,early
A2,share
A2,yourself
A2,carry
A2,brother
A2,cost
A2,simply
A2,post
A2,picture
A2,piece
A2,paper
A2,personal
A2,building
A2,military
A2,open
A2,doctor
A2,activity
A2,american
A2,miss
A2,product
A2,arm
A2,color
A2,describe
A2,guess
A2,mom
A2,soon
A2,rule
A2,campaign
A2,election
A2,face
A2,uh
A2,page
A2,test
A2,whatever
A2,video
A2,ready
A2,official
A2,call
A2,current
A2,county
A2,dad
A2,shoot
A2,second
A2,list
A2,stuff
A2,forget
A2,risk
A2,no
A2,short
A2,fire
A2,dog
A2,red
A2,hair
A2,point
A2,wall
A2,daughter
A2,truth
A2,upon
A2,husband
A2,period
A2,order
A2,close
A2,note
A2,computer
A2,economy
A2,bank
A2,behavior
A2,sound
A2,north
A2,well
A2,culture
A2,ok
A2,everybody
A2,difficult
A2,language
A2,window
A2,lie
A2,tree
A2,park
A2,worker
A2,draw
A2,plan
A2,private
A2,tonight
A2,than
A2,letter
A2,other
A2,course
A2,wonder
A2,hell
A2,poor
A2,each
A2,answer
A2,administration
A2,common
A2,hard
A2,message
A2,song
A2,enjoy
A2,similar
A2,congress
A2,hot
A2,seek
A2,analysis
A2,defense
A2,bill
A2,like
A2,cell
A2,away
A2,performance
A2,hospital
A2,bed
A2,century
A2,summer
A2,example
A2,represent
A2,fill
A2,place
A2,animal
A2,natural
A2,agency
A2,usually
A2,significant
A2,help
A2,mile
A2,statement
A2,entire
A2,democrat
A2,floor
A2,career
A2,dollar
A2,vote
A2,sex
A2,compare
A2,south
A2,subject
A2,financial
A2,beautiful
A2,decade
A2,sister
A2,quickly
A2,press
A2,thus
A2,section
A2,treatment
A2,interesting
A2,west
A2,candidate
A2,approach
A2,determine
A2,resource
A2,claim
A2,prove
A2,enough
A2,somebody
A2,hang
A2,sport
A2,tv
A2,loss
A2,left
A2,meeting
A2,skill
A2,card
A2,feeling
A2,despite
A2,that
A2,occur
A2,imagine
A2,near
A2,box
A2,seven
A2,laugh
A2,beyond
A2,discuss
A2,design
A2,concern
A2,ball
A2,east
A2,prepare
A2,success
A2,district
A2,cup
A2,name
A2,growth
A2,hi
A2,standard
A2,force
A2,theory
A2,staff
A2,legal
A2,september
A2,set
A2,outside
A2,et
A2,property
A2,lay
A2,authority
A2,perfect
A2,impact
A2,indicate
A2,committee
A2,supposed
A2,shit
A2,central
A2,eight
A2,particularly
A2,opinion
A2,main
A2,ten
A2,interview
A2,play
A2,union
A2,pressure
A2,blue
A2,sun
A2,artist
A2,account
A2,release
A2,fund
A2,treat
A2,version
A2,shot
A2,hate
A2,reality
A2,visit
A2,club
A2,justice
A2,river
A2,camera
A2,global
A2,various
A2,arrive
A2,detail
A2,challenge
A2,lot
A2,nobody
A2,weapon
A2,station
A2,island
A2,absolutely
A2,conversation
A2,date
A2,charge
B1,april
B1,potential
B1,etc
B1,quick
B1,magazine
B1,status
B1,attend
B1,replace
B1,hill
B1,kitchen
B1,achieve
B1,screen
B1,mistake
B1,along
B1,strike
B1,very
B1,corner
B1,target
B1,driver
B1,beginning
B1,crisis
B1,museum
B1,engage
B1,blow
B1,object
B1,express
B1,huh
B1,matter
B1,blog
B1,smile
B1,return
B1,debt
B1,labor
B1,understanding
B1,neighborhood
B1,contract
B1,species
B1,additional
B1,mostly
B1,concerned
B1,apple
B1,conduct
B1,god
B1,wonderful
B1,library
B1,prison
B1,hole
B1,attempt
B1,complete
B1,code
B1,sales
B1,gift
B1,refuse
B1,increase
B1,garden
B1,introduce
B1,christian
B1,definitely
B1,like
B1,lake
B1,turn
B1,sure
B1,earn
B1,plane
B1,vehicle
B1,thousand
B1,coffee
B1,gain
B1,billion
B1,reform
B1,welcome
B1,gold
B1,jump
B1,planet
B1,bird
B1,amazing
B1,principle
B1,search
B1,nine
B1,alive
B1,possibility
B1,sky
B1,otherwise
B1,healthy
B1,fit
B1,horse
B1,advantage
B1,steal
B1,context
B1,christmas
B1,monday
B1,mean
B1,beach
B1,survey
B1,writing
B1,master
B1,cry
B1,scale
B1,resident
B1,football
B1,sweet
B1,failure
B1,reporter
B1,fight
B1,one
B1,associate
B1,vision
B1,truly
B1,sick
B1,human
B1,stupid
B1,chinese
B1,camp
B1,stone
B1,hundred
B1,truck
B1,afternoon
B1,secretary
B1,apparently
B1,collect
B1,conflict
B1,burn
B1,learning
B1,wake
B1,contribute
B1,ride
B1,british
B1,order
B1,newspaper
B1,foundation
B1,variety
B1,perspective
B1,document
B1,presence
B1,stare
B1,lesson
B1,observe
B1,fun
B1,crowd
B1,attack
B1,apartment
B1,guest
B1,soul
B1,protection
B1,yesterday
B1,somewhere
B1,reading
B1,terms
B1,leadership
B1,present
B1,chief
B1,start
B1,um
B1,deny
B1,website
B1,actual
B1,recall
B1,fix
B1,negative
B1,connect
B1,distance
B1,regular
B1,climate
B1,flight
B1,dangerous
B1,boat
B1,aspect
B1,grab
B1,until
B1,favorite
B1,january
B1,independent
B1,volume
B1,am
B1,lots
B1,online
B1,theater
B1,speed
B1,demand
B1,demonstrate
B1,fully
B1,tuesday
B1,facility
B1,farm
B1,mind
B1,august
B1,light
B1,link
B1,shoe
B1,institute
B1,below
B1,european
B1,quarter
B1,basically
B1,forest
B1,multiple
B1,poll
B1,wild
B1,twice
B1,cross
B1,background
B1,settle
B1,winter
B1,focus
B1,presidential
B1,operate
B1,fuck
B1,shop
B1,division
B1,slowly
B1,advice
B1,injury
B1,it
B1,ticket
B1,wow
B1,birth
B1,painting
B1,outcome
B1,being
B1,storm
B1,shape
B1,bowl
B1,commission
B1,ear
B1,troop
B1,female
B1,wood
B1,clean
B1,lead
B1,minister
B1,neighbor
B1,finding
B1,lord
B1,drive
B1,temperature
B1,quiet
B1,bright
B1,annual
B1,procedure
B1,tradition
B1,threaten
B1,strange
B1,actor
B1,blame
B1,active
B1,cat
B1,depend
B1,bus
B1,clothes
B1,affair
B1,topic
B1,victory
B1,towards
B1,map
B1,egg
B1,ensure
B1,general
B1,expression
B1,session
B1,competition
B1,impossible
B1,moral
B1,wine
B1,approach
B1,somehow
B1,african
B1,cook
B1,gay
B1,appropriate
B1,dress
B1,straight
B1,weather
B1,recommend
B1,medicine
B1,novel
B1,thursday
B1,extend
B1,bay
B1,invite
B1,tie
B1,ah
B1,belong
B1,obtain
B1,broad
B1,progress
B1,surprise
B1,assessment
B1,cash
B1,defend
B1,pound
B1,correct
B1,married
B1,pair
B1,loan
B1,village
B1,half
B1,meaning
B1,lift
B1,ourselves
B1,honey
B1,bone
B1,unique
B1,regulation
B1,bottom
B1,excuse
B1,classroom
B1,emerge
B1,long
B1,lunch
B1,desire
B1,instruction
B1,thinking
B1,french
B1,moon
B1,sad
B1,december
B1,anywhere
B1,chicken
B1,train
B1,abuse
B1,construction
B1,wednesday
B1,deserve
B1,famous
B1,intervention
B1,grand
B1,visit
B1,lucky
B1,insist
B1,coast
B1,fourth
B1,cop
B1,angry
B1,supreme
B1,baseball
B1,but
B1,email
B1,accident
B1,growing
B1,struggle
B1,revenue
B1,launch
B1,ring
B1,inch
B1,neck
B1,core
B1,terrible
B1,relatively
B1,miss
B1,soft
B1,generate
B1,extremely
B1,last
B1,corporate
B1,prefer
B1,mayor
B1,male
B1,record
B1,danger
B1,emotional
B1,knee
B1,ass
B1,capture
B1,traffic
B1,fucking
B1,outside
B1,plate
B1,equipment
B1,select
B1,expensive
B1,secret
B1,engine
B1,adopt
B1,luck
B1,via
B1,pm
B1,panel
B1,hero
B1,circle
B1,critic
B1,solve
B1,busy
B1,back
B1,check
B1,requirement
B1,rain
B1,colleague
B1,disappear
B1,beer
B1,predict
B1,exercise
B1,tired
B1,democracy
B1,ultimately
B1,honor
B1,works
B1,unfortunately
B1,united
B1,pool
B1,comfortable
B1,useful
B1,pocket
B1,digital
B1,entirely
B1,sugar
B1,teaching
B1,conservative
B1,chairman
B1,error
B1,bridge
B1,tall
B1,flower
B1,universe
B1,live
B1,acknowledge
B1,coverage
B1,crew
B1,lean
B1,zone
B1,wedding
B1,copy
B1,joke
B1,used
B1,bear
B1,meal
B1,minority
B1,russian
B1,soviet
B1,careful
B1,gender
B1,ocean
B1,unidentified
B1,grant
B1,circumstance
B1,late
B1,boss
B1,declare
B1,domestic
B1,tea
B1,organize
B1,english
B1,either
B1,surround
B1,manner
B1,surprised
B1,massive
B1,cloud
B1,winner
B1,propose
B1,rely
B1,plus
B1,sentence
B1,appearance
B1,regarding
B1,excellent
B1,salt
B1,bottle
B1,component
B1,under
B1,fee
B1,jewish
B1,yours
B1,dry
B1,dance
B1,shirt
B1,plastic
B1,indian
B1,mark
B1,tooth
B1,meat
B1,stress
B1,significantly
B1,february
B1,constitution
B1,uncle
B1,metal
B1,self
B1,suppose
B1,investor
B1,fruit
B1,holy
B1,desk
B1,valley
B1,largely
B1,abortion
B1,commitment
B1,celebrate
B1,prime
B1,urban
B1,internal
B1,proposal
B1,capacity
B1,weak
B1,catholic
B1,nose
B1,variable
B1,convention
B1,jury
B1,root
B1,incident
B1,hearing
B1,everywhere
B1,scream
B1,surgery
B1,shadow
B1,witness
B1,increasingly
B1,amendment
B1,paint
B1,complain
B1,extent
B1,nod
B1,holiday
B1,super
B2,ratio
B2,lover
B2,unemployment
B2,pet
B2,awful
B2,laboratory
B2,administrator
B2,wind
B2,quarterback
B2,relative
B2,confident
B2,strategic
B2,marine
B2,publisher
B2,highlight
B2,nut
B2,fighter
B2,electricity
B2,freeze
B2,laughter
B2,correspondent
B2,mixture
B2,murder
B2,assistant
B2,tomato
B2,indian
B2,testify
B2,ingredient
B2,since
B2,galaxy
B2,qualify
B2,gop
B2,concentrate
B2,introduction
B2,boundary
B2,tube
B2,versus
B2,chef
B2,regularly
B2,ugly
B2,screw
B2,tongue
B2,palestinian
B2,fiscal
B2,creek
B2,respondent
B2,narrator
B2,assembly
B2,store
B2,surprise
B2,representation
B2,ministry
B2,flat
B2,comedy
B2,islam
B2,tight
B2,port
B2,fate
B2,market
B2,dialogue
B2,plus
B2,appointment
B2,surprising
B2,mobile
B2,establishment
B2,worried
B2,bye
B2,shopping
B2,celebrity
B2,congressman
B2,taxpayer
B2,publicly
B2,clothing
B2,domain
B2,mainly
B2,ceiling
B2,shower
B2,asleep
B2,musician
B2,dirt
B2,pc
B2,bell
B2,damage
B2,ceremony
B2,clue
B2,near
B2,pregnancy
B2,borrow
B2,tourist
B2,custom
B2,script
B2,educate
B2,risk
B2,welcome
B2,logic
B2,devil
B2,thirty
B2,charity
B2,fiber
B2,wave
B2,friendship
B2,net
B2,differently
B2,humanity
B2,fence
B2,quietly
B2,humor
B2,major
B2,funeral
B2,sink
B2,balance
B2,chemical
B2,singer
B2,drunk
B2,swim
B2,onion
B2,missing
B2,white
B2,pan
B2,silly
B2,reflection
B2,remote
B2,permission
B2,everyday
B2,lifestyle
B2,lion
B2,capability
B2,practice
B2,sidebar
B2,crap
B2,impressive
B2,bake
B2,fantastic
B2,adviser
B2,yield
B2,mere
B2,radical
B2,scary
B2,correct
B2,lieutenant
B2,upset
B2,attractive
B2,drawing
B2,ambassador
B2,ooh
B2,content
B2,bench
B2,odds
B2,horror
B2,vulnerable
B2,prevention
B2,segment
B2,ban
B2,tail
B2,constitute
B2,badly
B2,bless
B2,magic
B2,implementation
B2,legitimate
B2,strip
B2,politically
B2,health-care
B2,criminal
B2,can
B2,italian
B2,buyer
B2,cooperation
B2,profession
B2,incredibly
B2,orange
B2,killing
B2,sue
B2,photographer
B2,running
B2,engagement
B2,paint
B2,salad
B2,stair
B2,notice
B2,grace
B2,vessel
B2,pig
B2,assignment
B2,distinction
B2,fit
B2,canadian
B2,flee
B2,efficiency
B2,memorial
B2,proposed
B2,blue
B2,entity
B2,iphone
B2,punishment
B2,romantic
B2,latin
B2,poetry
B2,thread
B2,wooden
B2,confuse
B2,privilege
B2,coal
B2,cow
B2,characterize
B2,pie
B2,legacy
B2,re
B2,stress
B2,frankly
B2,matter
B2,dumb
B2,scope
B2,grandfather
B2,wish
B2,exhibition
B2,legislature
B2,portrait
B2,catholic
B2,sustain
B2,uniform
B2,painful
B2,loud
B2,miracle
B2,zero
B2,tactic
B2,mask
B2,calm
B2,physically
B2,final
B2,flesh
B2,headline
B2,sudden
B2,successfully
B2,defendant
B2,pole
B2,entrance
B2,cabinet
B2,repeatedly
B2,happiness
B2,admission
B2,correlation
B2,dispute
B2,candy
B2,counselor
B2,recording
B2,explosion
B2,appoint
B2,couch
B2,cognitive
B2,furniture
B2,grateful
B2,suit
B2,commissioner
B2,shelf
B2,tremendous
B2,warrior
B2,physics
B2,garage
B2,squeeze
B2,prominent
B2,fifty
B2,fade
B2,oven
B2,discrimination
B2,allegation
B2,boom
B2,diamond
B2,conviction
B2,shine
B2,playoff
B2,actress
B2,cheat
B2,auto
B2,grocery
B2,rip
B2,meter
B2,olympic
B2,pipe
B2,celebration
B2,handful
B2,copyright
B2,bishop
B2,soup
B2,entitle
B2,carrier
B2,pizza
B2,ethics
B2,eagle
B2,research
B2,standing
B2,possession
B2,treaty
B2,consciousness
B2,announcement
B2,tire
B2,no
B2,prediction
B2,stability
B2,irish
B2,gently
B2,mall
B2,rumor
B2,poet
B2,explode
B2,cool
B2,maintenance
B2,vaccine
B2,identification
B2,sandwich
B2,bull
B2,twelve
B2,mainstream
B2,presidency
B2,integrity
B2,intelligent
B2,secondary
B2,fifteen
B2,nomination
B2,adjustment
B2,sanction
B2,render
B2,shop
B2,mutual
B2,meaningful
B2,communist
B2,superior
B2,currency
B2,collective
B2,tip
B2,guitar
B2,doctrine
B2,commerce
B2,invent
B2,robot
B2,respectively
B2,particle
B2,across
B2,glove
B2,till
B2,moderate
B2,jazz
B2,infant
B2,summary
B2,server
B2,leather
B2,composition
B2,operating
B2,assert
B2,case
B2,discourse
B2,soccer
B2,mandate
B2,downtown
B2,barrel
B2,uncomfortable
B2,execute
B2,pale
B2,tent
B2,horizon
B2,diagnosis
B2,gospel
B2,automatically
B2,fighting
B2,duck
B2,grain
B2,beast
B2,warm
B2,corruption
B2,ma'am
B2,inquiry
B2,cd
B2,admire
B2,rifle
B2,closet
B2,touchdown
B2,experimental
B2,earnings
B2,hunter
B2,fly
B2,corps
B2,behave
B2,rent
B2,attribute
B2,doc
B2,virtue
B2,ounce
B2,legislative
B2,facilitate
B2,midnight
B2,deer
B2,heritage
B2,summit
B2,sword
B2,telescope
B2,donate
B2,blade
B2,toe
B2,park
B2,enforce
B2,dose
B2,concerning
B2,prescription
B2,adoption
B2,grave
B2,rope
B2,reliable
B2,transaction
B2,lawn
B2,bubble
B2,princess
B2,log
B2,laugh
B2,kingdom
B2,primary
B2,dedicate
B2,nominee
B2,transformation
B2,arrival
B2,frustration
B2,changing
B2,pollution
B2,poster
B2,nail
B2,nonprofit
B2,guidance
B2,exhibit
B2,pen
B2,lemon
B2,bankruptcy
B2,sacred
B2,replacement
B2,portray
B2,consensus
B2,french
B2,hardware
B2,cold
B2,dry
B2,korean
B2,dining
B2,snake
B2,tobacco
B2,orientation
B2,seize
B2,abuse
B2,punish
B2,depict
B2,seemingly
B2,competitor
B2,flip
B2,freshman
B2,administrative
B2,donor
B2,overlook
B2,toilet
B2,pleased
B2,resemble
B2,ideology
B2,glory
B2,skip
B2,starting
B2,brush
B2,gut
B2,reservation
B2,rebel
B2,disappointed
B2,oak
B2,instructor
B2,pension
B2,diabetes
B2,cluster
B2,marijuana
B2,combat
B2,costume
B2,sixth
B2,inspiration
B2,cooking
B2,van
B2,institutional
B2,garlic
B2,drinking
B2,response
B2,crystal
B2,pro
B2,helicopter
B2,counsel
B2,equation
B2,roman
B2,pope
B2,motive
B2,porch
B2,gaze
B2,ours
B2,lap
B2,written
B2,reverse
B2,starter
B2,injure
B2,chronic
B2,continued
B2,exclusive
B2,colonel
B2,copy
B2,beef
B2,abroad
B2,thanksgiving
B2,intensity
B2,fascinating
B2,daily
B2,essence
B2,container
B2,driving
B2,gym
B2,plead
B2,officially
B2,documentary
B2,stem
B2,flood
B2,guilt
B2,inside
B2,turkey
B2,diagnose
B2,initiate
B2,fitness
B2,gulf
B2,mommy
B2,shrug
B2,agricultural
B2,sacrifice
B2,spectrum
B2,dragon
B2,pastor
B2,slice
B2,brave
B2,stimulus
B2,patent
B2,powder
B2,harsh
B2,chaos
B2,this
B2,piano
B2,surprisingly
B2,lend
B2,correctly
B2,shared
B2,servant
B2,overwhelming
B2,elevator
B2,hispanic
B2,divine
B2,transmission
B2,butt
B2,ease
B2,intent
B2,counseling
B2,gentle
B2,short
B2,complexity
B2,nonetheless
B2,effectiveness
B2,lonely
B2,statistical
B2,longtime
B2,strain
B2,garbage
B2,venture
B2,aide
B2,subtle
B2,rod
B2,civilian
B2,t-shirt
B2,endure
B2,loser
B2,franchise
B2,saint
B2,prosecution
B2,lyrics
B2,architecture
B2,destination
B2,province
B2,lecture
B2,upstairs
B2,please
B2,acceptance
B2,revelation
B2,march
B2,indicator
B2,collaboration
B2,rhetoric
B2,slam
B2,monkey
B2,protocol
B2,productive
B2,finish
B2,jeans
B2,companion
B2,convict
B2,recipient
B2,practically
B2,array
B2,persuade
B2,undermine
B2,yep
B2,ranch
B2,scout
B2,endless
B2,translation
B2,ski
B2,contractor
B2,trailer
B2,pitcher
B2,towel
B2,goodbye
B2,bonus
B2,caller
B2,exit
B2,behavioral
B2,omit
B2,pit
B2,boring
B2,cholesterol
B2,closed
B2,advertisement
B2,creator
B2,peaceful
C1,sensitivity
C1,sentiment
C1,separation
C1,serial
C1,settlement
C1,setup
C1,sexuality
C1,shareholder
C1,shatter
C1,shed
C1,sheer
C1,shipping
C1,shoot
C1,shrink
C1,shrug
C1,sigh
C1,simulate
C1,simulation
C1,simultaneously
C1,sin
C1,situated
C1,skeptical
C1,sketch
C1,skip
C1,slam
C1,slap
C1,slash
C1,slavery
C1,slot
C1,smash
C1,snap
C1,soak
C1,soar
C1,socialist
C1,sole
C1,solely
C1,solidarity
C1,solo
C1,sophomore
C1,sound
C1,sovereignty
C1,spam
C1,span
C1,spare
C1,spark
C1,specialized
C1,specification
C1,specimen
C1,spectacle
C1,spectrum
C1,spell
C1,sphere
C1,spin
C1,spine
C1,spotlight
C1,spouse
C1,spy
C1,squad
C1,squeeze
C1,stab
C1,stability
C1,stabilize
C1,stake
C1,standing
C1,stark
C1,statistical
C1,steer
C1,stem
C1,stereotype
C1,stimulus
C1,stir
C1,storage
C1,straightforward
C1,strain
C1,strand
C1,strategic
C1,strip
C1,v.
C1,strive
C1,structural
C1,stumble
C1,stun
C1,submission
C1,subscriber
C1,subscription
C1,subsidy
C1,substantial
C1,substantially
C1,substitute
C1,substitution
C1,subtle
C1,suburban
C1,succession
C1,successive
C1,successor
C1,suck
C1,sue
C1,suicide
C1,suite
C1,summit
C1,superb
C1,superintendent
C1,superior
C1,supervise
C1,supervision
C1,supervisor
C1,supplement
C1,supportive
C1,supposedly
C1,suppress
C1,supreme
C1,surge
C1,surgical
C1,surplus
C1,surrender
C1,surveillance
C1,suspension
C1,suspicion
C1,suspicious
C1,sustain
C1,swing
C1,sword
C1,symbolic
C1,syndrome
C1,synthesis
C1,systematic
C1,tackle
C1,tactic
C1,tactical
C1,taxpayer
C1,tempt
C1,tenant
C1,tender
C1,tenure
C1,terminal
C1,terminate
C1,terrain
C1,terrific
C1,testify
C1,testimony
C1,texture
C1,thankfully
C1,theatrical
C1,theology
C1,theoretical
C1,thereafter
C1,thereby
C1,thoughtful
C1,thought-provoking
C1,thread
C1,threshold
C1,thrilled
C1,thrive
C1,tide
C1,tighten
C1,timber
C1,timely
C1,tobacco
C1,tolerance
C1,tolerate
C1,toll
C1,top
C1,torture
C1,toss
C1,total
C1,toxic
C1,trace
C1,trademark
C1,trail
C1,trailer
C1,transaction
C1,transcript
C1,transformation
C1,transit
C1,transmission
C1,transparency
C1,transparent
C1,trauma
C1,treaty
C1,tremendous
C1,tribal
C1,tribute
C1,trigger
C1,trio
C1,triumph
C1,trophy
C1,troubled
C1,trustee
C1,tuition
C1,tumor
C1,turnout
C1,turnover
C1,twist
C1,unconstitutional
C1,undergraduate
C1,underlying
C1,undermine
C1,undoubtedly
C1,unify
C1,unprecedented
C1,unveil
C1,upcoming
C1,upgrade
C1,uphold
C1,utility
C1,utilize
C1,utterly
C1,vacuum
C1,vague
C1,validity
C1,vanish
C1,variable
C1,varied
C1,vein
C1,venture
C1,verbal
C1,verdict
C1,verify
C1,verse
C1,versus
C1,vessel
C1,veteran
C1,viable
C1,vibrant
C1,vice
C1,vicious
C1,violate
C1,violation
C1,virtue
C1,vocal
C1,vow
C1,vulnerability
C1,vulnerable
C1,ward
C1,warehouse
C1,warfare
C1,warrant
C1,warrior
C1,weaken
C1,weave
C1,weed
C1,well
C1,well-being
C1,whatsoever
C1,whereby
C1,whip
C1,wholly
C1,widen
C1,widow
C1,width
C1,willingness
C1,wipe
C1,wit
C1,withdrawal
C1,workout
C1,worship
C1,worthwhile
C1,worthy
C1,yell
C1,yield
C1,upset
C1,provided
C1,tablet
C1,blow
C1,launch
C1,warming
C1,equity
C1,classic
C1,pine
C1,past
C1,bitter
C1,guard
C1,surgeon
C1,affordable
C1,tennis
C1,artistic
C1,download
C1,suffering
C1,accuracy
C1,treasury
C1,talented
C1,importantly
C1,sergeant
C1,thumb
C1,colony
C1,walking
C1,damn
C1,award
C1,excitement
C1,bold
C1,greek
C1,doll
C1,oxygen
C1,finance
C1,palace
C1,cotton
C1,rescue
C1,estimated
C1,program
C1,determination
C1,flash
C1,dynamics
C1,shell
C1,frame
C1,rush
C1,christianity
C1,distract
C1,ban
C1,alleged
C1,statute
C1,value
C1,biology
C1,republican
C1,follower
C1,nasty
C1,evident
C1,prior
C1,confess
C1,picture
C1,trap
C1,down
C1,bloody
C1,hate
C1,trunk
C1,prohibit
C1,sustainable
C1,belly
C1,banking
C1,asshole
C1,journalism
C1,average
C1,obstacle
C1,ridge
C1,heal
C1,bastard
C1,cheer
C1,apology
C1,architect
C1,wrist
C1,harbor
C1,handsome
C1,bullshit
C1,bet
C1,inspector
C1,rebuild
C1,romance
C1,deadline
C1,age
C1,classical
C1,convey
C1,insect
C1,debate
C1,output
C1,opposed
C1,fold
C1,eating
C1,besides
C1,logical
C1,probability
C1,generous
C1,greet
C1,trash
C1,earthquake
C1,insane
C1,realistic
C1,wake
C1,necessity
C1,modify
C1,signal
C1,sponsor
C1,mathematics
C1,hallway
C1,african-american
C1,any
C1,liability
C1,technological
C1,exam
C1,considering
C1,conscious
C1,vitamin
C1,known
C1,reserve
C1,actively
C1,teenage
C1,respect
C1,convinced
C1,photography
C1,coin
C1,laptop
C1,goodness
C1,affiliation
C1,bee
C1,command
C1,continuous
C1,above
C1,landing
C1,repair
C1,worry
C1,bath
C1,sneak
C1,historically
C1,mud
C1,scan
C1,hers
C1,quantity
C1,olympics
C1,pleasant
C1,slope
C1,skirt
C1,curtain
C1,immune
C1,switch
C1,calendar
C1,paragraph
C1,identical
C1,credit
C1,regret
C1,flat
C1,entrepreneur
C1,specify
C1,clay
C1,last
C1,elbow
C1,outstanding
C1,uh-huh
C1,unity
C1,rent
C1,airplane
C1,mysterious
C1,delicious
C1,northwest
C1,sweat
C1,treasure
C1,flour
C1,lightly
C1,alongside
C1,plain
C1,hug
C1,isolate
C1,exploration
C1,secure
C1,outer
C1,southwest
C1,escape
C1,witch
C1,forty
C1,someday
C1,unite
C1,statue
C1,fist
C1,castle
C1,precise
C1,cruise
C1,joke
C1,legally
C1,patience
C1,medium
C1,bush
C1,purple
C1,peer
C1,electrical
C1,outfit
C1,cage
C1,retired
C1,shark
C1,sidewalk
C1,near
C1,runner
C1,ankle
C1,attraction
C1,fool
C1,artificial
C1,tune
C1,dancer
C1,candle
C1,sexually
C1,needle
C1,hidden
C1,chronicle
C1,suburb
C1,sensor
C1,star
C1,pro
C1,icon
C1,grandma
C1,info
C1,iranian
C1,senior
C1,parade
C1,gifted
C1,outdoor
C1,ending
C1,altogether
C1,chase
C1,burning
C1,reception
C1,local
C1,automatic
C1,whale
C1,mechanical
C1,promising
C1,traveler
C1,metaphor
C1,skull
C1,pursuit
C1,therapist
C1,workplace
C1,export
C1,shock
C1,seventh
C1,fixed
C1,broadcast
C1,pal
C1,chuckle
C1,representative
C1,jump
C1,kinda
C1,relieve
C1,teammate
C1,brush
C1,corridor
C1,russian
C1,enthusiasm
C1,extended
C1,root
C1,alright
C1,panic
C1,bid
C1,mild
C1,guess
C1,tuck
C1,defeat
C1,railroad
C1,frozen
C1,cab
C1,expected
C1,draft
C1,rider
C1,accent
C1,invitation
C1,reply
C1,israeli
C1,liar
C1,awkward
C1,registration
C1,handle
C1,instantly
C1,clerk
C1,chin
C1,hockey
C1,rob
C1,ancestor
C1,creativity
C1,casual
C1,clever
C1,given
C1,shove
C1,carbohydrate
C1,steam
C1,forehead
C1,slide
C1,sheep
C1,good
C1,carpet
C1,cloth
C1,full-time
C1,running
C1,questionnaire
C1,departure
C1,graph
C1,thief
C1,herb
C1,cast
C1,fossil
C1,mechanic
C1,screening
C1,continuing
C1,prophet
C1,sort
C1,spread
C1,serving
C1,safely
C1,homework
C1,android
C1,alpha
C1,insert
C1,mortality
C1,elephant
C1,hurt
C1,continent
C1,ecosystem
C1,leave
C1,nearby
C1,olive
C1,minimum
C1,catch
C1,abstract
C1,coming
C1,sock
C1,pickup
C1,shuttle
C1,improved
C1,innovative
C1,demographic
C1,accommodate
C1,jaw
C1,unfair
C1,tragic
C1,comprise
C1,faster
C1,nutrition
C1,stance
C1,rabbit
C1,pause
C1,dot
C1,disk
C1,hesitate
C1,regard
C1,offend
C1,exploit
C1,sibling
C1,southeast
C1,gorgeous
C1,undertake
C1,painter
C1,believer
C1,lamp
C1,thoroughly
C1,freak
C1,pillow
C1,orbit
C1,purse
C1,likewise
C1,feed
C1,instructional
C1,clause
C1,mentally
C1,model
C1,left
C1,neutral
C1,shield
C1,popularity
C1,cartoon
C1,combined
C1,exhibit
C1,sink
C1,graphic
C1,darling
C1,traditionally
C1,vendor
C1,poorly
C1,firmly
C1,openly
C1,fever
C1,arrow
C1,required
C1,kick
C1,fork
C1,survey
C1,position
C1,racist
C1,stay
C1,illusion
C1,anxious
C1,arab
C1,organism
C1,awake
C1,sculpture
C1,drum
C1,helmet
C1,level
C1,certificate
C1,bad
C1,mmm
C1,sadly
C1,cart
C1,sunlight
C1,delete
C1,clarify
C1,hunger
C1,performer
C1,jar
C1,programming
C1,salmon
C1,census
C1,pick
C1,fortunately
C1,molecule
C1,monetary
C1,transport
C1,shy
C1,drill
C1,reward
C1,gram
C1,puzzle
C1,envelope
C1,heat
C1,classify
C1,unfortunate
C1,scatter
C1,cure
C1,time
C1,dear
C1,slice
C1,discount
C1,addiction
C1,emerging
C1,marker
C1,juror
C1,mention
C1,businessman
C1,retailer
C1,charge
C1,protester
C1,elder
C1,gallon
C1,additionally
C1,chemistry
C1,sometime
C1,babe
C1,fraction
C1,cook
C1,object
C1,european
C1,lightning
C1,turtle
C1,ambition
C1,worldwide
C1,sail
C1,added
C1,comic
C1,soap
C1,shortage
C1,useless
C1,booth
C1,diary
C1,gasp
C1,excite
C1,publishing
C1,rolling
C1,bow
C1,cruel
C1,rival
C1,flood
C1,speculation
C1,sympathy
C1,o'clock
C1,sodium
C1,divorce
C1,spring
C1,bang
C1,challenging
C1,ipad
C1,sack
C1,barn
C1,hormone
C1,alley
C1,cafe
C1,flexible
C1,experienced
C1,mixed
C1,vampire
C1,optimistic
C1,dessert
C1,northeast
C1,specialize
C1,pin
C1,pork
C1,astronomer
C1,like
C1,forbid
C1,installation
C1,boil
C1,goat
C1,shallow
C1,equip
C1,equivalent
C1,banker
C1,interval
C1,gasoline
C1,rain
C1,exchange
C1,bucket
C1,theft
C1,laundry
C1,dying
C1,jewelry
C1,invention
C1,loving
C1,outline
C1,halloween
C1,sweetheart
C1,spit
C1,lazy
C1,defender
C1,technically
C1,battle
C1,peanut
C1,unclear
C1,piss
C1,wilderness
C1,eleven
C1,backyard
C1,guardian
C1,passionate
C1,scripture
C1,apart
C1,emotionally
C1,ignorant
C1,unfold
C1,headache
C1,chop
C1,spectacular
C1,deposit
C1,uncover
C1,aisle
C1,tropical
C1,annually
C1,eighth
C1,scratch
C1,offender
C1,inherit
C1,downtown
C1,short-term
C1,proceedings
C1,loyal
C1,aah
C1,desperately
C1,throne
C1,spite
C1,soda
C1,dutch
C1,disabled
C1,collector
C1,re-election
C1,disappointment
C1,aid
C1,happily
C1,steep
C1,fancy
C1,listener
C1,public
C1,drawer
C1,heck
C1,developmental
C1,ideal
C1,socially
C1,courtroom
C1,stamp
C1,trainer
C1,anytime
C1,syrian
C1,bride
C1,instant
C1,doorway
C1,learner
C1,placement
C1,cord
C1,fan
C1,thou
C1,tax
C1,elegant
C1,locker
C1,peel
C1,campaign
C1,objective
C1,goddamn
C1,import
C1,stack
C1,gosh
C1,junk
C1,bicycle
C1,chew
C1,destiny
C1,ambitious
C1,unbelievable
C1,jealous
C1,invade
C1,excessive
C1,sunset
C1,accounting
C1,faithful
C1,freely
C1,depressed
C1,emperor
C1,wagon
C1,jungle
C1,embarrassed
C1,trillion
C1,breeze
C1,blame
C1,venue
C1,discourage
C1,tab
C1,consequently
C1,dough
C1,streak
C1,silk
C1,similarity
C1,steak
C1,dancing
C1,breathing
C1,mm
C1,balloon
C1,monument
C1,try
C1,cue
C1,sleeve
C1,stiff
C1,tattoo
C1,softly
C1,sudden
C1,graduation
C1,japanese
C1,deliberately
C1,associate
C1,accurately
C1,strictly
C1,risky
C1,banana
C1,blank
C1,beneficial
C1,chat
C1,rack
C1,rude
C1,usage
C1,testament
C1,thigh
C1,perceived
C1,talking
C1,quantum
C1,eyebrow
C1,surrounding
C1,vocabulary
C1,ashamed
C1,eh
C1,stunning
C1,murderer
C1,burger
C1,collar
C1,textbook
C1,afterward
C1,sunny
C1,hammer
C1,keyboard
C1,wheat